Position,Name + ID,Name,ID,Roster Position,Salary,Game Info,TeamAbbrev,AvgPointsPerGame
SP,Max Scherzer (10758786),Max Scherzer,10758786,P,14000,WAS@ATL 06/03/2018 01:35PM ET,WAS,29.46
SP,Jacob deGrom (10758787),Jacob deGrom,10758787,P,13200,CHC@NYM 06/03/2018 01:10PM ET,NYM,25.33
SP,Stephen Strasburg (10758788),Stephen Strasburg,10758788,P,12600,WAS@ATL 06/03/2018 01:35PM ET,WAS,23.23
SP,Corey Kluber (10758789),Corey Kluber,10758789,P,12500,CLE@MIN 06/03/2018 02:10PM ET,CLE,26.65
SP,Trevor Bauer (10758790),Trevor Bauer,10758790,P,11900,CLE@MIN 06/03/2018 02:10PM ET,CLE,23.38
SP,Clayton Kershaw (10758791),Clayton Kershaw,10758791,P,11800,LAD@COL 06/03/2018 03:10PM ET,LAD,17.47
SP,Mike Clevinger (10758253),Mike Clevinger,10758253,P,11100,CLE@MIN 06/03/2018 02:10PM ET,CLE,18.42
SP,Jose Berrios (10758792),Jose Berrios,10758792,P,11100,CLE@MIN 06/03/2018 02:10PM ET,MIN,19.67
SP,Tanner Roark (10758793),Tanner Roark,10758793,P,11000,WAS@ATL 06/03/2018 01:35PM ET,WAS,17.16
SP,Carlos Carrasco (10758794),Carlos Carrasco,10758794,P,10900,CLE@MIN 06/03/2018 02:10PM ET,CLE,17.9
SP,Kenta Maeda (10758795),Kenta Maeda,10758795,P,10800,LAD@COL 06/03/2018 03:10PM ET,LAD,15.58
SP,Carlos Martinez (10758796),Carlos Martinez,10758796,P,10600,PIT@STL 06/03/2018 02:15PM ET,STL,18.08
SP,Walker Buehler (10758797),Walker Buehler,10758797,P,10600,LAD@COL 06/03/2018 03:10PM ET,LAD,19.76
SP,Noah Syndergaard (10758798),Noah Syndergaard,10758798,P,10500,CHC@NYM 06/03/2018 01:10PM ET,NYM,20.14
SP,Luis Severino (10758799),Luis Severino,10758799,P,10400,NYY@BAL 06/03/2018 01:05PM ET,NYY,25.86
SP,Jon Lester (10758254),Jon Lester,10758254,P,10400,CHC@NYM 06/03/2018 01:10PM ET,CHC,14.14
SP,Kyle Freeland (10758800),Kyle Freeland,10758800,P,10100,LAD@COL 06/03/2018 03:10PM ET,COL,16.34
SP,Gio Gonzalez (10758801),Gio Gonzalez,10758801,P,9800,WAS@ATL 06/03/2018 01:35PM ET,WAS,20.77
SP,Michael Wacha (10758255),Michael Wacha,10758255,P,9700,PIT@STL 06/03/2018 02:15PM ET,STL,17.10
SP,Miles Mikolas (10758802),Miles Mikolas,10758802,P,9500,PIT@STL 06/03/2018 02:15PM ET,STL,17.73
SP,J.A. Happ (10758803),J.A. Happ,10758803,P,9500,TOR@DET 06/03/2018 01:10PM ET,TOR,20.6
SP,Jack Flaherty (10758804),Jack Flaherty,10758804,P,9200,PIT@STL 06/03/2018 02:15PM ET,STL,19.08
SP,Ervin Santana (10758805),Ervin Santana,10758805,P,9200,CLE@MIN 06/03/2018 02:10PM ET,MIN,0
SP,Daniel Mengden (10758806),Daniel Mengden,10758806,P,9100,OAK@KC 06/03/2018 02:15PM ET,OAK,16.75
SP,Jakob Junis (10758256),Jakob Junis,10758256,P,9000,OAK@KC 06/03/2018 02:15PM ET,KC,17.54
SP,Hyun-Jin Ryu (10758807),Hyun-Jin Ryu,10758807,P,8900,LAD@COL 06/03/2018 03:10PM ET,LAD,17.22
SP,Danny Salazar (10758808),Danny Salazar,10758808,P,8800,CLE@MIN 06/03/2018 02:10PM ET,CLE,0
SP,Jimmy Nelson (10758809),Jimmy Nelson,10758809,P,8700,MIL@CWS 06/03/2018 02:10PM ET,MIL,0
SP,Sean Manaea (10758810),Sean Manaea,10758810,P,8600,OAK@KC 06/03/2018 02:15PM ET,OAK,16.90
SP,Jordan Montgomery (10758811),Jordan Montgomery,10758811,P,8500,NYY@BAL 06/03/2018 01:05PM ET,NYY,11.88
SP,Luke Weaver (10758812),Luke Weaver,10758812,P,8500,PIT@STL 06/03/2018 02:15PM ET,STL,10.57
RP,Domingo German (10758257),Domingo German,10758257,P,8400,NYY@BAL 06/03/2018 01:05PM ET,NYY,9.98
SP,Masahiro Tanaka (10758813),Masahiro Tanaka,10758813,P,8400,NYY@BAL 06/03/2018 01:05PM ET,NYY,16.62
SP,Matthew Boyd (10758814),Matthew Boyd,10758814,P,8300,TOR@DET 06/03/2018 01:10PM ET,DET,14.74
SP,Nick Kingham (10758258),Nick Kingham,10758258,P,8200,PIT@STL 06/03/2018 02:15PM ET,PIT,19.25
SP,Kyle Hendricks (10758815),Kyle Hendricks,10758815,P,8200,CHC@NYM 06/03/2018 01:10PM ET,CHC,16.35
SP,Sean Newcomb (10758816),Sean Newcomb,10758816,P,8100,WAS@ATL 06/03/2018 01:35PM ET,ATL,19.04
SP,Freddy Peralta (10758817),Freddy Peralta,10758817,P,8100,MIL@CWS 06/03/2018 02:10PM ET,MIL,23.28
RP,Tyler Glasnow (10758818),Tyler Glasnow,10758818,P,8000,PIT@STL 06/03/2018 02:15PM ET,PIT,5.76
SP,Aaron Sanchez (10758259),Aaron Sanchez,10758259,P,8000,TOR@DET 06/03/2018 01:10PM ET,TOR,10.16
SP,CC Sabathia (10758819),CC Sabathia,10758819,P,7900,NYY@BAL 06/03/2018 01:05PM ET,NYY,11.64
SP,Yu Darvish (10758820),Yu Darvish,10758820,P,7900,CHC@NYM 06/03/2018 01:10PM ET,CHC,13.92
SP,Kyle Gibson (10758260),Kyle Gibson,10758260,P,7800,CLE@MIN 06/03/2018 02:10PM ET,MIN,16.29
SP,Brent Suter (10758261),Brent Suter,10758261,P,7700,MIL@CWS 06/03/2018 02:10PM ET,MIL,10.85
SP,Carlos Rodon (10758821),Carlos Rodon,10758821,P,7700,MIL@CWS 06/03/2018 02:10PM ET,CWS,0
SP,Jake Odorizzi (10758822),Jake Odorizzi,10758822,P,7700,CLE@MIN 06/03/2018 02:10PM ET,MIN,13.75
SP,Fernando Romero (10758823),Fernando Romero,10758823,P,7700,CLE@MIN 06/03/2018 02:10PM ET,MIN,13.54
SP,Kevin Gausman (10758824),Kevin Gausman,10758824,P,7600,NYY@BAL 06/03/2018 01:05PM ET,BAL,14.41
SP,Jeremy Hellickson (10758262),Jeremy Hellickson,10758262,P,7500,WAS@ATL 06/03/2018 01:35PM ET,WAS,15.69
SP,Mike Foltynewicz (10758825),Mike Foltynewicz,10758825,P,7500,WAS@ATL 06/03/2018 01:35PM ET,ATL,21.47
SP,Jon Gray (10758826),Jon Gray,10758826,P,7500,LAD@COL 06/03/2018 03:10PM ET,COL,14.79
SP,Jose Quintana (10758827),Jose Quintana,10758827,P,7500,CHC@NYM 06/03/2018 01:10PM ET,CHC,14.93
SP,Alex Wood (10758263),Alex Wood,10758263,P,7300,LAD@COL 06/03/2018 03:10PM ET,LAD,15.39
SP,Shane Bieber (10758828),Shane Bieber,10758828,P,7300,CLE@MIN 06/03/2018 02:10PM ET,CLE,11.35
SP,Chad Kuhl (10758829),Chad Kuhl,10758829,P,7200,PIT@STL 06/03/2018 02:15PM ET,PIT,12.93
SP,Ross Stripling (10758830),Ross Stripling,10758830,P,7200,LAD@COL 06/03/2018 03:10PM ET,LAD,10.43
SP,Michael Fulmer (10758264),Michael Fulmer,10758264,P,7200,TOR@DET 06/03/2018 01:10PM ET,DET,12.21
RP,Trevor Williams (10758831),Trevor Williams,10758831,P,7000,PIT@STL 06/03/2018 02:15PM ET,PIT,13.27
SP,Julio Teheran (10758832),Julio Teheran,10758832,P,6900,WAS@ATL 06/03/2018 01:35PM ET,ATL,13.65
SP,Dylan Bundy (10758833),Dylan Bundy,10758833,P,6900,NYY@BAL 06/03/2018 01:05PM ET,BAL,17.65
SP,Adam Wainwright (10758834),Adam Wainwright,10758834,P,6900,PIT@STL 06/03/2018 02:15PM ET,STL,9.38
SP,Trevor Cahill (10758835),Trevor Cahill,10758835,P,6900,OAK@KC 06/03/2018 02:15PM ET,OAK,18.44
SP,Steven Matz (10758265),Steven Matz,10758265,P,6900,CHC@NYM 06/03/2018 01:10PM ET,NYM,11.90
SP,Tyler Chatwood (10758836),Tyler Chatwood,10758836,P,6900,CHC@NYM 06/03/2018 01:10PM ET,CHC,11.07
SP,Jhoulys Chacin (10758837),Jhoulys Chacin,10758837,P,6800,MIL@CWS 06/03/2018 02:10PM ET,MIL,12.66
SP,Chase Anderson (10758838),Chase Anderson,10758838,P,6800,MIL@CWS 06/03/2018 02:10PM ET,MIL,11.19
SP,Mike Soroka (10758839),Mike Soroka,10758839,P,6700,WAS@ATL 06/03/2018 01:35PM ET,ATL,13.33
SP,Junior Guerra (10758840),Junior Guerra,10758840,P,6700,MIL@CWS 06/03/2018 02:10PM ET,MIL,16.58
SP,Alex Reyes (10758841),Alex Reyes,10758841,P,6700,PIT@STL 06/03/2018 02:15PM ET,STL,9.4
SP,Luiz Gohara (10758842),Luiz Gohara,10758842,P,6600,WAS@ATL 06/03/2018 01:35PM ET,ATL,8.39
SP,Andrew Triggs (10758843),Andrew Triggs,10758843,P,6600,OAK@KC 06/03/2018 02:15PM ET,OAK,12.02
SP,Alec Hansen (10758844),Alec Hansen,10758844,P,6500,MIL@CWS 06/03/2018 02:10PM ET,CWS,0
SP,Andrew Cashner (10758845),Andrew Cashner,10758845,P,6500,NYY@BAL 06/03/2018 01:05PM ET,BAL,11.00
SP,Joe Musgrove (10758846),Joe Musgrove,10758846,P,6500,PIT@STL 06/03/2018 02:15PM ET,PIT,25.95
SP,Reynaldo Lopez (10758847),Reynaldo Lopez,10758847,P,6400,MIL@CWS 06/03/2018 02:10PM ET,CWS,11.96
SP,Ivan Nova (10758848),Ivan Nova,10758848,P,6400,PIT@STL 06/03/2018 02:15PM ET,PIT,11.07
SP,Tyler Anderson (10758849),Tyler Anderson,10758849,P,6400,LAD@COL 06/03/2018 03:10PM ET,COL,10.32
SP,Nate Karns (10758850),Nate Karns,10758850,P,6400,OAK@KC 06/03/2018 02:15PM ET,KC,0
SP,Erick Fedde (10758851),Erick Fedde,10758851,P,6300,WAS@ATL 06/03/2018 01:35PM ET,WAS,14.55
SP,Drew Smyly (10758852),Drew Smyly,10758852,P,6300,CHC@NYM 06/03/2018 01:10PM ET,CHC,0
SP,Michael Pineda (10758853),Michael Pineda,10758853,P,6300,CLE@MIN 06/03/2018 02:10PM ET,MIN,0
SP,Brandon McCarthy (10758854),Brandon McCarthy,10758854,P,6200,WAS@ATL 06/03/2018 01:35PM ET,ATL,11.79
SP,Michael Kopech (10758855),Michael Kopech,10758855,P,6200,MIL@CWS 06/03/2018 02:10PM ET,CWS,0
SP,Jharel Cotton (10758856),Jharel Cotton,10758856,P,6200,OAK@KC 06/03/2018 02:15PM ET,OAK,0
RP,Adam Plutko (10758857),Adam Plutko,10758857,P,6200,CLE@MIN 06/03/2018 02:10PM ET,CLE,16.62
SP,Joe Ross (10758858),Joe Ross,10758858,P,6100,WAS@ATL 06/03/2018 01:35PM ET,WAS,0
SP,Hector Santiago (10758859),Hector Santiago,10758859,P,6100,MIL@CWS 06/03/2018 02:10PM ET,CWS,5.70
SP,Mike Fiers (10758860),Mike Fiers,10758860,P,6100,TOR@DET 06/03/2018 01:10PM ET,DET,11.2
SP,Rich Hill (10758861),Rich Hill,10758861,P,6000,LAD@COL 06/03/2018 03:10PM ET,LAD,8.28
SP,Ian Kennedy (10758862),Ian Kennedy,10758862,P,6000,OAK@KC 06/03/2018 02:15PM ET,KC,9.48
SP,Chad Bettis (10758266),Chad Bettis,10758266,P,5900,LAD@COL 06/03/2018 03:10PM ET,COL,12.97
SP,Marcus Stroman (10758863),Marcus Stroman,10758863,P,5900,TOR@DET 06/03/2018 01:10PM ET,TOR,6.51
SP,Sonny Gray (10758864),Sonny Gray,10758864,P,5800,NYY@BAL 06/03/2018 01:05PM ET,NYY,10.68
SP,Jameson Taillon (10758865),Jameson Taillon,10758865,P,5800,PIT@STL 06/03/2018 02:15PM ET,PIT,14.95
SP,Francisco Liriano (10758866),Francisco Liriano,10758866,P,5800,TOR@DET 06/03/2018 01:10PM ET,DET,13.86
SP,Jaime Garcia (10758867),Jaime Garcia,10758867,P,5800,TOR@DET 06/03/2018 01:10PM ET,TOR,9.11
SP,Scott Kazmir (10758868),Scott Kazmir,10758868,P,5700,WAS@ATL 06/03/2018 01:35PM ET,ATL,0
OF,Charlie Blackmon (10758271),Charlie Blackmon,10758271,OF,5700,LAD@COL 06/03/2018 03:10PM ET,COL,9.74
SP,Marco Estrada (10758869),Marco Estrada,10758869,P,5700,TOR@DET 06/03/2018 01:10PM ET,TOR,8.94
SP,Lucas Sims (10758870),Lucas Sims,10758870,P,5600,WAS@ATL 06/03/2018 01:35PM ET,ATL,3.36
OF,Aaron Judge (10758273),Aaron Judge,10758273,OF,5600,NYY@BAL 06/03/2018 01:05PM ET,NYY,10.78
SP,A.J. Cole (10758871),A.J. Cole,10758871,P,5600,NYY@BAL 06/03/2018 01:05PM ET,NYY,4.76
RP,Adalberto Mejia (10758872),Adalberto Mejia,10758872,P,5600,CLE@MIN 06/03/2018 02:10PM ET,MIN,0
SP,Anibal Sanchez (10758267),Anibal Sanchez,10758267,P,5500,WAS@ATL 06/03/2018 01:35PM ET,ATL,12.22
OF,Bryce Harper (10758272),Bryce Harper,10758272,OF,5500,WAS@ATL 06/03/2018 01:35PM ET,WAS,9.89
2B,Ozzie Albies (10758274),Ozzie Albies,10758274,2B,5500,WAS@ATL 06/03/2018 01:35PM ET,ATL,9.88
SP,Zach Davies (10758873),Zach Davies,10758873,P,5500,MIL@CWS 06/03/2018 02:10PM ET,MIL,9.64
SP,Zack Wheeler (10758874),Zack Wheeler,10758874,P,5500,CHC@NYM 06/03/2018 01:10PM ET,NYM,13.36
1B,Freddie Freeman (10758275),Freddie Freeman,10758275,1B,5400,WAS@ATL 06/03/2018 01:35PM ET,ATL,9.88
SP,Wade Miley (10758875),Wade Miley,10758875,P,5400,MIL@CWS 06/03/2018 02:10PM ET,MIL,9.72
3B,Nolan Arenado (10758276),Nolan Arenado,10758276,3B,5400,LAD@COL 06/03/2018 03:10PM ET,COL,9.89
SP,German Marquez (10758876),German Marquez,10758876,P,5400,LAD@COL 06/03/2018 03:10PM ET,COL,13.59
SP,Ryan Carpenter (10758877),Ryan Carpenter,10758877,P,5400,TOR@DET 06/03/2018 01:10PM ET,DET,2.82
SP,Chris Flexen (10758878),Chris Flexen,10758878,P,5400,CHC@NYM 06/03/2018 01:10PM ET,NYM,-6.1
SP,James Shields (10758879),James Shields,10758879,P,5300,MIL@CWS 06/03/2018 02:10PM ET,CWS,11.00
SP,Corbin Burnes (10758880),Corbin Burnes,10758880,P,5300,MIL@CWS 06/03/2018 02:10PM ET,MIL,0
RP,Austin Gomber (10758881),Austin Gomber,10758881,P,5300,PIT@STL 06/03/2018 02:15PM ET,STL,10.15
3B,Jose Ramirez (10758277),Jose Ramirez,10758277,3B,5300,CLE@MIN 06/03/2018 02:10PM ET,CLE,11.20
SP,Stephen Gonsalves (10758882),Stephen Gonsalves,10758882,P,5300,CLE@MIN 06/03/2018 02:10PM ET,MIN,0
SP,Matt Wisler (10758883),Matt Wisler,10758883,P,5200,WAS@ATL 06/03/2018 01:35PM ET,ATL,10.16
SP,Miguel Gonzalez (10758884),Miguel Gonzalez,10758884,P,5200,MIL@CWS 06/03/2018 02:10PM ET,CWS,-4.75
SP,David Hess (10758885),David Hess,10758885,P,5200,NYY@BAL 06/03/2018 01:05PM ET,BAL,12.42
SP,Ricky Nolasco (10758886),Ricky Nolasco,10758886,P,5200,OAK@KC 06/03/2018 02:15PM ET,KC,0
SP,Marcos Molina (10758887),Marcos Molina,10758887,P,5200,CHC@NYM 06/03/2018 01:10PM ET,NYM,0
SS,Francisco Lindor (10758279),Francisco Lindor,10758279,SS,5200,CLE@MIN 06/03/2018 02:10PM ET,CLE,10.73
SP,Aaron Blair (10758888),Aaron Blair,10758888,P,5100,WAS@ATL 06/03/2018 01:35PM ET,ATL,0
RP,Grant Dayton (10758889),Grant Dayton,10758889,P,5100,WAS@ATL 06/03/2018 01:35PM ET,ATL,0
SS,Manny Machado (10758278),Manny Machado,10758278,SS,5100,NYY@BAL 06/03/2018 01:05PM ET,BAL,10.34
OF,Giancarlo Stanton (10758280),Giancarlo Stanton,10758280,OF,5100,NYY@BAL 06/03/2018 01:05PM ET,NYY,8.49
RP,Hunter Harvey (10758890),Hunter Harvey,10758890,P,5100,NYY@BAL 06/03/2018 01:05PM ET,BAL,0
SP,Chance Adams (10758891),Chance Adams,10758891,P,5100,NYY@BAL 06/03/2018 01:05PM ET,NYY,0
SP,Daniel Gossett (10758268),Daniel Gossett,10758268,P,5100,OAK@KC 06/03/2018 02:15PM ET,OAK,5.38
RP,Aaron Wilkerson (10758892),Aaron Wilkerson,10758892,P,5000,MIL@CWS 06/03/2018 02:10PM ET,MIL,0
OF,Khris Davis (10758284),Khris Davis,10758284,OF,5000,OAK@KC 06/03/2018 02:15PM ET,OAK,8.4
SP,Kendall Graveman (10758893),Kendall Graveman,10758893,P,5000,OAK@KC 06/03/2018 02:15PM ET,OAK,6.06
SP,Frankie Montas (10758895),Frankie Montas,10758895,P,5000,OAK@KC 06/03/2018 02:15PM ET,OAK,23.55
SP,Daniel Norris (10758894),Daniel Norris,10758894,P,5000,TOR@DET 06/03/2018 01:10PM ET,DET,6.98
3B,Kris Bryant (10758281),Kris Bryant,10758281,3B,5000,CHC@NYM 06/03/2018 01:10PM ET,CHC,9.5
1B,Eric Thames (10758282),Eric Thames,10758282,1B,4900,MIL@CWS 06/03/2018 02:10PM ET,MIL,8.23
RP,Chris Volstad (10758896),Chris Volstad,10758896,P,4900,MIL@CWS 06/03/2018 02:10PM ET,CWS,3.08
RP,Luis Cessa (10758897),Luis Cessa,10758897,P,4900,NYY@BAL 06/03/2018 01:05PM ET,NYY,4.2
SP,Luis Escobar (10758898),Luis Escobar,10758898,P,4900,PIT@STL 06/03/2018 02:15PM ET,PIT,0
SP,Mitch Keller (10758899),Mitch Keller,10758899,P,4900,PIT@STL 06/03/2018 02:15PM ET,PIT,0
SP,Ryan Helsley (10758900),Ryan Helsley,10758900,P,4900,PIT@STL 06/03/2018 02:15PM ET,STL,0
SP,Julio Urias (10758901),Julio Urias,10758901,P,4900,LAD@COL 06/03/2018 03:10PM ET,LAD,0
SP,Jeff Hoffman (10758902),Jeff Hoffman,10758902,P,4900,LAD@COL 06/03/2018 03:10PM ET,COL,0
SP,A.J. Puk (10758903),A.J. Puk,10758903,P,4900,OAK@KC 06/03/2018 02:15PM ET,OAK,0
2B/SS,Javier Baez (10758288),Javier Baez,10758288,2B/SS,4900,CHC@NYM 06/03/2018 01:10PM ET,CHC,9.89
OF,Michael Brantley (10758283),Michael Brantley,10758283,OF,4900,CLE@MIN 06/03/2018 02:10PM ET,CLE,9.70
SS,Trea Turner (10758285),Trea Turner,10758285,SS,4800,WAS@ATL 06/03/2018 01:35PM ET,WAS,8.75
OF,Christian Yelich (10758286),Christian Yelich,10758286,OF,4800,MIL@CWS 06/03/2018 02:10PM ET,MIL,9.53
SP,Danny Duffy (10758904),Danny Duffy,10758904,P,4800,OAK@KC 06/03/2018 02:15PM ET,KC,9.81
SP,Scott Barlow (10758905),Scott Barlow,10758905,P,4800,OAK@KC 06/03/2018 02:15PM ET,KC,9.05
SP,Eric Skoglund (10758906),Eric Skoglund,10758906,P,4800,OAK@KC 06/03/2018 02:15PM ET,KC,8.37
1B,Edwin Encarnacion (10758292),Edwin Encarnacion,10758292,1B,4800,CLE@MIN 06/03/2018 02:10PM ET,CLE,8.19
3B,Travis Shaw (10758294),Travis Shaw,10758294,3B,4700,MIL@CWS 06/03/2018 02:10PM ET,MIL,8.23
SP,Brandon Woodruff (10758907),Brandon Woodruff,10758907,P,4700,MIL@CWS 06/03/2018 02:10PM ET,MIL,6.09
2B,Gleyber Torres (10758287),Gleyber Torres,10758287,2B,4700,NYY@BAL 06/03/2018 01:05PM ET,NYY,8.94
C,Gary Sanchez (10758290),Gary Sanchez,10758290,C,4700,NYY@BAL 06/03/2018 01:05PM ET,NYY,8.15
OF,Yasiel Puig (10758295),Yasiel Puig,10758295,OF,4700,LAD@COL 06/03/2018 03:10PM ET,LAD,6.93
SP,Ryan Borucki (10758908),Ryan Borucki,10758908,P,4700,TOR@DET 06/03/2018 01:10PM ET,TOR,0
1B,Anthony Rizzo (10758296),Anthony Rizzo,10758296,1B,4700,CHC@NYM 06/03/2018 01:10PM ET,CHC,8.76
SP,Dylan Covey (10758269),Dylan Covey,10758269,P,4600,MIL@CWS 06/03/2018 02:10PM ET,CWS,14
SP,Justus Sheffield (10758909),Justus Sheffield,10758909,P,4600,NYY@BAL 06/03/2018 01:05PM ET,NYY,0
SS,Trevor Story (10758291),Trevor Story,10758291,SS,4600,LAD@COL 06/03/2018 03:10PM ET,COL,8.72
OF,Matt Kemp (10758301),Matt Kemp,10758301,OF,4600,LAD@COL 06/03/2018 03:10PM ET,LAD,7.25
1B/OF,Cody Bellinger (10758304),Cody Bellinger,10758304,1B/OF,4600,LAD@COL 06/03/2018 03:10PM ET,LAD,6.98
SP,Tom Koehler (10758910),Tom Koehler,10758910,P,4600,LAD@COL 06/03/2018 03:10PM ET,LAD,0
SP,Yadier Alvarez (10758911),Yadier Alvarez,10758911,P,4600,LAD@COL 06/03/2018 03:10PM ET,LAD,0
2B,Jed Lowrie (10758293),Jed Lowrie,10758293,2B,4600,OAK@KC 06/03/2018 02:15PM ET,OAK,8.21
3B,Mike Moustakas (10758307),Mike Moustakas,10758307,3B,4600,OAK@KC 06/03/2018 02:15PM ET,KC,8.46
SP,Josh Staumont (10758912),Josh Staumont,10758912,P,4600,OAK@KC 06/03/2018 02:15PM ET,KC,0
SP,Jason Hammel (10758913),Jason Hammel,10758913,P,4600,OAK@KC 06/03/2018 02:15PM ET,KC,9.62
SP,Brad Keller (10758914),Brad Keller,10758914,P,4600,OAK@KC 06/03/2018 02:15PM ET,KC,2.92
SP,Aaron Slegers (10758915),Aaron Slegers,10758915,P,4600,CLE@MIN 06/03/2018 02:10PM ET,MIN,9.8
RP,Dan Winkler (10758916),Dan Winkler,10758916,P,4500,WAS@ATL 06/03/2018 01:35PM ET,ATL,4.55
OF,Lorenzo Cain (10758297),Lorenzo Cain,10758297,OF,4500,MIL@CWS 06/03/2018 02:10PM ET,MIL,8.62
RP,Alec Asher (10758917),Alec Asher,10758917,P,4500,MIL@CWS 06/03/2018 02:10PM ET,MIL,6.7
OF,Brett Gardner (10758298),Brett Gardner,10758298,OF,4500,NYY@BAL 06/03/2018 01:05PM ET,NYY,8.56
OF,Austin Meadows (10758299),Austin Meadows,10758299,OF,4500,PIT@STL 06/03/2018 02:15PM ET,PIT,11.43
OF,Tommy Pham (10758300),Tommy Pham,10758300,OF,4500,PIT@STL 06/03/2018 02:15PM ET,STL,8.65
SP,John Gant (10758918),John Gant,10758918,P,4500,PIT@STL 06/03/2018 02:15PM ET,STL,9.64
C,Yasmani Grandal (10758302),Yasmani Grandal,10758302,C,4500,LAD@COL 06/03/2018 03:10PM ET,LAD,7.65
3B,Justin Turner (10758303),Justin Turner,10758303,3B,4500,LAD@COL 06/03/2018 03:10PM ET,LAD,6.47
2B,DJ LeMahieu (10758306),DJ LeMahieu,10758306,2B,4500,LAD@COL 06/03/2018 03:10PM ET,COL,8.79
SP,Brock Stewart (10758919),Brock Stewart,10758919,P,4500,LAD@COL 06/03/2018 03:10PM ET,LAD,5.11
SP,Grant Holmes (10758920),Grant Holmes,10758920,P,4500,OAK@KC 06/03/2018 02:15PM ET,OAK,0
1B,Miguel Cabrera (10758316),Miguel Cabrera,10758316,1B,4500,TOR@DET 06/03/2018 01:10PM ET,DET,8.39
SP,Sean Reid-Foley (10758921),Sean Reid-Foley,10758921,P,4500,TOR@DET 06/03/2018 01:10PM ET,TOR,0
RP,Rafael Montero (10758922),Rafael Montero,10758922,P,4500,CHC@NYM 06/03/2018 01:10PM ET,NYM,0
SP,A.J. Griffin (10758923),A.J. Griffin,10758923,P,4500,CHC@NYM 06/03/2018 01:10PM ET,NYM,0
RP,Shawn Morimando (10758924),Shawn Morimando,10758924,P,4500,CLE@MIN 06/03/2018 02:10PM ET,CLE,0
SP,Lance Lynn (10758925),Lance Lynn,10758925,P,4500,CLE@MIN 06/03/2018 02:10PM ET,MIN,11.27
1B,Jesus Aguilar (10758310),Jesus Aguilar,10758310,1B,4400,MIL@CWS 06/03/2018 02:10PM ET,MIL,7.39
SP,Carson Fulmer (10758926),Carson Fulmer,10758926,P,4400,MIL@CWS 06/03/2018 02:10PM ET,CWS,4.57
SP,Chris Tillman (10758927),Chris Tillman,10758927,P,4400,NYY@BAL 06/03/2018 01:05PM ET,BAL,-1.23
SP,Mike Wright Jr. (10758928),Mike Wright Jr.,10758928,P,4400,NYY@BAL 06/03/2018 01:05PM ET,BAL,3.12
OF/SS,Chris Taylor (10758313),Chris Taylor,10758313,SS/OF,4400,LAD@COL 06/03/2018 03:10PM ET,LAD,8.46
OF,David Dahl (10758315),David Dahl,10758315,OF,4400,LAD@COL 06/03/2018 03:10PM ET,COL,5.66
3B,Matt Chapman (10758318),Matt Chapman,10758318,3B,4400,OAK@KC 06/03/2018 02:15PM ET,OAK,7.12
2B/OF,Whit Merrifield (10758319),Whit Merrifield,10758319,2B/OF,4400,OAK@KC 06/03/2018 02:15PM ET,KC,8.58
OF,Nicholas Castellanos (10758317),Nicholas Castellanos,10758317,OF,4400,TOR@DET 06/03/2018 01:10PM ET,DET,8.76
SP,Jordan Zimmermann (10758929),Jordan Zimmermann,10758929,P,4400,TOR@DET 06/03/2018 01:10PM ET,DET,11.99
SP,Williams Perez (10758930),Williams Perez,10758930,P,4400,CHC@NYM 06/03/2018 01:10PM ET,CHC,0
RP,Corey Oswalt (10758931),Corey Oswalt,10758931,P,4400,CHC@NYM 06/03/2018 01:10PM ET,NYM,12.7
RP,Robert Gsellman (10758932),Robert Gsellman,10758932,P,4400,CHC@NYM 06/03/2018 01:10PM ET,NYM,4.20
SP,Tim Cooney (10758933),Tim Cooney,10758933,P,4400,CLE@MIN 06/03/2018 02:10PM ET,CLE,0
SP,Josh Tomlin (10758934),Josh Tomlin,10758934,P,4400,CLE@MIN 06/03/2018 02:10PM ET,CLE,2.15
OF,Nick Markakis (10758308),Nick Markakis,10758308,OF,4300,WAS@ATL 06/03/2018 01:35PM ET,ATL,8.93
2B,Daniel Murphy (10758326),Daniel Murphy,10758326,2B,4300,WAS@ATL 06/03/2018 01:35PM ET,WAS,0
1B,Jose Abreu (10758309),Jose Abreu,10758309,1B,4300,MIL@CWS 06/03/2018 02:10PM ET,CWS,8.56
SS,Didi Gregorius (10758311),Didi Gregorius,10758311,SS,4300,NYY@BAL 06/03/2018 01:05PM ET,NYY,9.20
OF,Starling Marte (10758312),Starling Marte,10758312,OF,4300,PIT@STL 06/03/2018 02:15PM ET,PIT,9.19
3B,Jeimer Candelario (10758322),Jeimer Candelario,10758322,3B,4300,TOR@DET 06/03/2018 01:10PM ET,DET,8.80
3B,Josh Donaldson (10758323),Josh Donaldson,10758323,3B,4300,TOR@DET 06/03/2018 01:10PM ET,TOR,7.81
SP,Blaine Hardy (10758935),Blaine Hardy,10758935,P,4300,TOR@DET 06/03/2018 01:10PM ET,DET,8.99
OF,Kyle Schwarber (10758324),Kyle Schwarber,10758324,OF,4300,CHC@NYM 06/03/2018 01:10PM ET,CHC,8.54
1B,Yonder Alonso (10758334),Yonder Alonso,10758334,1B,4300,CLE@MIN 06/03/2018 02:10PM ET,CLE,6.88
SP,Dietrich Enns (10758936),Dietrich Enns,10758936,P,4300,CLE@MIN 06/03/2018 02:10PM ET,MIN,0
OF,Adam Eaton (10758327),Adam Eaton,10758327,OF,4200,WAS@ATL 06/03/2018 01:35PM ET,WAS,11
RP,Austin Voth (10758937),Austin Voth,10758937,P,4200,WAS@ATL 06/03/2018 01:35PM ET,WAS,0
SS,Tim Anderson (10758328),Tim Anderson,10758328,SS,4200,MIL@CWS 06/03/2018 02:10PM ET,CWS,8.13
1B/OF,Ryan Braun (10758329),Ryan Braun,10758329,1B/OF,4200,MIL@CWS 06/03/2018 02:10PM ET,MIL,6.85
OF,Aaron Hicks (10758331),Aaron Hicks,10758331,OF,4200,NYY@BAL 06/03/2018 01:05PM ET,NYY,8.5
SP,Keegan Akin (10758938),Keegan Akin,10758938,P,4200,NYY@BAL 06/03/2018 01:05PM ET,BAL,0
RP,Steven Brault (10758939),Steven Brault,10758939,P,4200,PIT@STL 06/03/2018 02:15PM ET,PIT,7.02
1B/3B,Max Muncy (10758332),Max Muncy,10758332,1B/3B,4200,LAD@COL 06/03/2018 03:10PM ET,LAD,6.35
C,Salvador Perez (10758321),Salvador Perez,10758321,C,4200,OAK@KC 06/03/2018 02:15PM ET,KC,8.29
SP,Grayson Long (10758940),Grayson Long,10758940,P,4200,TOR@DET 06/03/2018 01:10PM ET,DET,0
RP,Buck Farmer (10758941),Buck Farmer,10758941,P,4200,TOR@DET 06/03/2018 01:10PM ET,DET,1.97
SP,Gregory Soto (10758942),Gregory Soto,10758942,P,4200,TOR@DET 06/03/2018 01:10PM ET,DET,0
SP,Sam Gaviglio (10758943),Sam Gaviglio,10758943,P,4200,TOR@DET 06/03/2018 01:10PM ET,TOR,14.19
2B,Asdrubal Cabrera (10758359),Asdrubal Cabrera,10758359,2B,4200,CHC@NYM 06/03/2018 01:10PM ET,NYM,8.27
SP,Jen-Ho Tseng (10758944),Jen-Ho Tseng,10758944,P,4200,CHC@NYM 06/03/2018 01:10PM ET,CHC,2.1
SP,Jason Vargas (10758945),Jason Vargas,10758945,P,4200,CHC@NYM 06/03/2018 01:10PM ET,NYM,5.7
1B,Mark Reynolds (10758325),Mark Reynolds,10758325,1B,4100,WAS@ATL 06/03/2018 01:35PM ET,WAS,9.5
OF,Ender Inciarte (10758335),Ender Inciarte,10758335,OF,4100,WAS@ATL 06/03/2018 01:35PM ET,ATL,8.09
3B,Anthony Rendon (10758336),Anthony Rendon,10758336,3B,4100,WAS@ATL 06/03/2018 01:35PM ET,WAS,7.11
SP,Lucas Giolito (10758946),Lucas Giolito,10758946,P,4100,MIL@CWS 06/03/2018 02:10PM ET,CWS,3.81
1B,Greg Bird (10758337),Greg Bird,10758337,1B,4100,NYY@BAL 06/03/2018 01:05PM ET,NYY,7.33
OF,Clint Frazier (10758338),Clint Frazier,10758338,OF,4100,NYY@BAL 06/03/2018 01:05PM ET,NYY,11
3B,Miguel Andujar (10758339),Miguel Andujar,10758339,3B,4100,NYY@BAL 06/03/2018 01:05PM ET,NYY,7.89
OF,Joc Pederson (10758340),Joc Pederson,10758340,OF,4100,LAD@COL 06/03/2018 03:10PM ET,LAD,5.32
SP,Ryan Castellani (10758947),Ryan Castellani,10758947,P,4100,LAD@COL 06/03/2018 03:10PM ET,COL,0
OF,Ian Happ (10758341),Ian Happ,10758341,OF,4100,CHC@NYM 06/03/2018 01:10PM ET,CHC,6.71
OF,Brandon Nimmo (10758342),Brandon Nimmo,10758342,OF,4100,CHC@NYM 06/03/2018 01:10PM ET,NYM,7.51
2B/OF,Ben Zobrist (10758356),Ben Zobrist,10758356,2B/OF,4100,CHC@NYM 06/03/2018 01:10PM ET,CHC,7.71
SP,Trevor Clifton (10758948),Trevor Clifton,10758948,P,4100,CHC@NYM 06/03/2018 01:10PM ET,CHC,0
OF,Eddie Rosario (10758343),Eddie Rosario,10758343,OF,4100,CLE@MIN 06/03/2018 02:10PM ET,MIN,9.07
OF,Ronald Acuna Jr. (10758345),Ronald Acuna Jr.,10758345,OF,4000,WAS@ATL 06/03/2018 01:35PM ET,ATL,8.21
SP,Kolby Allard (10758951),Kolby Allard,10758951,P,4000,WAS@ATL 06/03/2018 01:35PM ET,ATL,0
SP,Jesse Biddle (10758952),Jesse Biddle,10758952,P,4000,WAS@ATL 06/03/2018 01:35PM ET,ATL,4.34
RP,Jose Ramirez (10758953),Jose Ramirez,10758953,P,4000,WAS@ATL 06/03/2018 01:35PM ET,ATL,-1.02
RP,Max Fried (10758954),Max Fried,10758954,P,4000,WAS@ATL 06/03/2018 01:35PM ET,ATL,6.11
RP,A.J. Minter (10758955),A.J. Minter,10758955,P,4000,WAS@ATL 06/03/2018 01:35PM ET,ATL,2.62
RP,Jacob Lindgren (10758956),Jacob Lindgren,10758956,P,4000,WAS@ATL 06/03/2018 01:35PM ET,ATL,0
RP,Peter Moylan (10758957),Peter Moylan,10758957,P,4000,WAS@ATL 06/03/2018 01:35PM ET,ATL,1.92
RP,Miguel Socolovich (10758958),Miguel Socolovich,10758958,P,4000,WAS@ATL 06/03/2018 01:35PM ET,ATL,0.31
RP,Sam Freeman (10758959),Sam Freeman,10758959,P,4000,WAS@ATL 06/03/2018 01:35PM ET,ATL,2.29
RP,Chad Bell (10758960),Chad Bell,10758960,P,4000,WAS@ATL 06/03/2018 01:35PM ET,ATL,2.3
RP,Arodys Vizcaino (10758961),Arodys Vizcaino,10758961,P,4000,WAS@ATL 06/03/2018 01:35PM ET,ATL,3.40
SP,Kyle Wright (10758962),Kyle Wright,10758962,P,4000,WAS@ATL 06/03/2018 01:35PM ET,ATL,0
SP,Ricardo Sanchez (10758963),Ricardo Sanchez,10758963,P,4000,WAS@ATL 06/03/2018 01:35PM ET,ATL,0
RP,Shane Carle (10758964),Shane Carle,10758964,P,4000,WAS@ATL 06/03/2018 01:35PM ET,ATL,3.81
SP,Ian Anderson (10758965),Ian Anderson,10758965,P,4000,WAS@ATL 06/03/2018 01:35PM ET,ATL,0
SP,Joey Wentz (10758966),Joey Wentz,10758966,P,4000,WAS@ATL 06/03/2018 01:35PM ET,ATL,0
SP,Bryse Wilson (10758967),Bryse Wilson,10758967,P,4000,WAS@ATL 06/03/2018 01:35PM ET,ATL,0
RP,Wander Suero (10758968),Wander Suero,10758968,P,4000,WAS@ATL 06/03/2018 01:35PM ET,WAS,2.27
RP,Matt Grace (10758969),Matt Grace,10758969,P,4000,WAS@ATL 06/03/2018 01:35PM ET,WAS,2.54
RP,Aaron Barrett (10758970),Aaron Barrett,10758970,P,4000,WAS@ATL 06/03/2018 01:35PM ET,WAS,0
RP,Sammy Solis (10758971),Sammy Solis,10758971,P,4000,WAS@ATL 06/03/2018 01:35PM ET,WAS,2.27
RP,Sean Doolittle (10758972),Sean Doolittle,10758972,P,4000,WAS@ATL 06/03/2018 01:35PM ET,WAS,4.90
RP,Shawn Kelley (10758973),Shawn Kelley,10758973,P,4000,WAS@ATL 06/03/2018 01:35PM ET,WAS,2.29
RP,Tim Collins (10758974),Tim Collins,10758974,P,4000,WAS@ATL 06/03/2018 01:35PM ET,WAS,1.75
RP,Justin Miller (10758975),Justin Miller,10758975,P,4000,WAS@ATL 06/03/2018 01:35PM ET,WAS,9.85
SP,Tommy Milone (10758976),Tommy Milone,10758976,P,4000,WAS@ATL 06/03/2018 01:35PM ET,WAS,0
RP,Brandon Kintzler (10758977),Brandon Kintzler,10758977,P,4000,WAS@ATL 06/03/2018 01:35PM ET,WAS,2.21
RP,Ryan Madson (10758978),Ryan Madson,10758978,P,4000,WAS@ATL 06/03/2018 01:35PM ET,WAS,2.48
RP,Joaquin Benoit (10758979),Joaquin Benoit,10758979,P,4000,WAS@ATL 06/03/2018 01:35PM ET,WAS,0
SP,Edwin Jackson (10758980),Edwin Jackson,10758980,P,4000,WAS@ATL 06/03/2018 01:35PM ET,WAS,0
SP,Seth Romero (10758981),Seth Romero,10758981,P,4000,WAS@ATL 06/03/2018 01:35PM ET,WAS,0
SP,Wil Crowe (10758982),Wil Crowe,10758982,P,4000,WAS@ATL 06/03/2018 01:35PM ET,WAS,0
RP,Koda Glover (10758983),Koda Glover,10758983,P,4000,WAS@ATL 06/03/2018 01:35PM ET,WAS,0
RP,Xavier Cedeno (10758984),Xavier Cedeno,10758984,P,4000,MIL@CWS 06/03/2018 02:10PM ET,CWS,0
RP,Joakim Soria (10758985),Joakim Soria,10758985,P,4000,MIL@CWS 06/03/2018 02:10PM ET,CWS,2.70
RP,Robbie Ross Jr. (10758986),Robbie Ross Jr.,10758986,P,4000,MIL@CWS 06/03/2018 02:10PM ET,CWS,0
RP,Nate Jones (10758987),Nate Jones,10758987,P,4000,MIL@CWS 06/03/2018 02:10PM ET,CWS,3.18
RP,Danny Farquhar (10758988),Danny Farquhar,10758988,P,4000,MIL@CWS 06/03/2018 02:10PM ET,CWS,3.3
RP,Luis Avilan (10758989),Luis Avilan,10758989,P,4000,MIL@CWS 06/03/2018 02:10PM ET,CWS,2.24
RP,Jace Fry (10758990),Jace Fry,10758990,P,4000,MIL@CWS 06/03/2018 02:10PM ET,CWS,4.00
RP,Aaron Bummer (10758991),Aaron Bummer,10758991,P,4000,MIL@CWS 06/03/2018 02:10PM ET,CWS,1.96
RP,Bruce Rondon (10758992),Bruce Rondon,10758992,P,4000,MIL@CWS 06/03/2018 02:10PM ET,CWS,3.53
RP,Chris Beck (10758993),Chris Beck,10758993,P,4000,MIL@CWS 06/03/2018 02:10PM ET,CWS,3.20
SP,Spencer Adams (10758994),Spencer Adams,10758994,P,4000,MIL@CWS 06/03/2018 02:10PM ET,CWS,0
SP,Dylan Cease (10758995),Dylan Cease,10758995,P,4000,MIL@CWS 06/03/2018 02:10PM ET,CWS,0
SP,A.J. Puckett (10758996),A.J. Puckett,10758996,P,4000,MIL@CWS 06/03/2018 02:10PM ET,CWS,0
SP,Dane Dunning (10758997),Dane Dunning,10758997,P,4000,MIL@CWS 06/03/2018 02:10PM ET,CWS,0
RP,Tyler Danish (10758998),Tyler Danish,10758998,P,4000,MIL@CWS 06/03/2018 02:10PM ET,CWS,0
SP,Ian Clarkin (10758999),Ian Clarkin,10758999,P,4000,MIL@CWS 06/03/2018 02:10PM ET,CWS,0
RP,Jacob Barnes (10759000),Jacob Barnes,10759000,P,4000,MIL@CWS 06/03/2018 02:10PM ET,MIL,3.08
RP,Josh Hader (10759001),Josh Hader,10759001,P,4000,MIL@CWS 06/03/2018 02:10PM ET,MIL,10.07
RP,Dan Jennings (10759002),Dan Jennings,10759002,P,4000,MIL@CWS 06/03/2018 02:10PM ET,MIL,2.65
RP,Boone Logan (10759003),Boone Logan,10759003,P,4000,MIL@CWS 06/03/2018 02:10PM ET,MIL,1.59
RP,Matt Albers (10759004),Matt Albers,10759004,P,4000,MIL@CWS 06/03/2018 02:10PM ET,MIL,4
RP,Jeremy Jeffress (10759005),Jeremy Jeffress,10759005,P,4000,MIL@CWS 06/03/2018 02:10PM ET,MIL,4.22
SP,Cody Ponce (10759006),Cody Ponce,10759006,P,4000,MIL@CWS 06/03/2018 02:10PM ET,MIL,0
SP,Nathan Kirby (10759007),Nathan Kirby,10759007,P,4000,MIL@CWS 06/03/2018 02:10PM ET,MIL,0
SP,Kodi Medeiros (10759008),Kodi Medeiros,10759008,P,4000,MIL@CWS 06/03/2018 02:10PM ET,MIL,0
SP,Luis Ortiz (10759009),Luis Ortiz,10759009,P,4000,MIL@CWS 06/03/2018 02:10PM ET,MIL,0
SP,Marcos Diplan (10759010),Marcos Diplan,10759010,P,4000,MIL@CWS 06/03/2018 02:10PM ET,MIL,0
RP,Corey Knebel (10759011),Corey Knebel,10759011,P,4000,MIL@CWS 06/03/2018 02:10PM ET,MIL,2.68
SP,Phil Bickford (10759012),Phil Bickford,10759012,P,4000,MIL@CWS 06/03/2018 02:10PM ET,MIL,0
RP,Taylor Williams (10759013),Taylor Williams,10759013,P,4000,MIL@CWS 06/03/2018 02:10PM ET,MIL,4.22
SP,Alex Cobb (10758270),Alex Cobb,10758270,P,4000,NYY@BAL 06/03/2018 01:05PM ET,BAL,4.14
RP,Darren O'Day (10759014),Darren O'Day,10759014,P,4000,NYY@BAL 06/03/2018 01:05PM ET,BAL,3.54
RP,Zach Britton (10759015),Zach Britton,10759015,P,4000,NYY@BAL 06/03/2018 01:05PM ET,BAL,0
RP,Brad Brach (10759016),Brad Brach,10759016,P,4000,NYY@BAL 06/03/2018 01:05PM ET,BAL,2.90
SP,David Holmberg (10759017),David Holmberg,10759017,P,4000,NYY@BAL 06/03/2018 01:05PM ET,BAL,0
RP,Mychal Givens (10759018),Mychal Givens,10759018,P,4000,NYY@BAL 06/03/2018 01:05PM ET,BAL,3.60
SP,Tim Melville (10759019),Tim Melville,10759019,P,4000,NYY@BAL 06/03/2018 01:05PM ET,BAL,0
RP,Richard Bleier (10759020),Richard Bleier,10759020,P,4000,NYY@BAL 06/03/2018 01:05PM ET,BAL,2.54
RP,Gabriel Ynoa (10759021),Gabriel Ynoa,10759021,P,4000,NYY@BAL 06/03/2018 01:05PM ET,BAL,0
RP,Chris Lee (10759022),Chris Lee,10759022,P,4000,NYY@BAL 06/03/2018 01:05PM ET,BAL,0
RP,Jayson Aquino (10759023),Jayson Aquino,10759023,P,4000,NYY@BAL 06/03/2018 01:05PM ET,BAL,0
RP,Jeff Ferrell (10759024),Jeff Ferrell,10759024,P,4000,NYY@BAL 06/03/2018 01:05PM ET,BAL,0
SP,Asher Wojciechowski (10759025),Asher Wojciechowski,10759025,P,4000,NYY@BAL 06/03/2018 01:05PM ET,BAL,0
RP,Pedro Araujo (10759026),Pedro Araujo,10759026,P,4000,NYY@BAL 06/03/2018 01:05PM ET,BAL,2.89
RP,Miguel Castro (10759027),Miguel Castro,10759027,P,4000,NYY@BAL 06/03/2018 01:05PM ET,BAL,3.66
RP,Tanner Scott (10759028),Tanner Scott,10759028,P,4000,NYY@BAL 06/03/2018 01:05PM ET,BAL,4.04
SP,Matthias Dietz (10759029),Matthias Dietz,10759029,P,4000,NYY@BAL 06/03/2018 01:05PM ET,BAL,0
SP,Cody Sedlock (10759030),Cody Sedlock,10759030,P,4000,NYY@BAL 06/03/2018 01:05PM ET,BAL,0
SP,DL Hall (10759031),DL Hall,10759031,P,4000,NYY@BAL 06/03/2018 01:05PM ET,BAL,0
SP,Albert Abreu (10759032),Albert Abreu,10759032,P,4000,NYY@BAL 06/03/2018 01:05PM ET,NYY,0
SP,Freicer Perez (10759033),Freicer Perez,10759033,P,4000,NYY@BAL 06/03/2018 01:05PM ET,NYY,0
RP,Ben Heller (10759034),Ben Heller,10759034,P,4000,NYY@BAL 06/03/2018 01:05PM ET,NYY,0
SP,Clarke Schmidt (10759035),Clarke Schmidt,10759035,P,4000,NYY@BAL 06/03/2018 01:05PM ET,NYY,0
RP,Chasen Shreve (10759036),Chasen Shreve,10759036,P,4000,NYY@BAL 06/03/2018 01:05PM ET,NYY,3.13
SP,Chad Green (10759037),Chad Green,10759037,P,4000,NYY@BAL 06/03/2018 01:05PM ET,NYY,5.03
RP,Tommy Kahnle (10759038),Tommy Kahnle,10759038,P,4000,NYY@BAL 06/03/2018 01:05PM ET,NYY,2.58
RP,Aroldis Chapman (10759039),Aroldis Chapman,10759039,P,4000,NYY@BAL 06/03/2018 01:05PM ET,NYY,5.35
RP,Jonathan Holder (10759040),Jonathan Holder,10759040,P,4000,NYY@BAL 06/03/2018 01:05PM ET,NYY,3.95
RP,Branden Pinder (10759041),Branden Pinder,10759041,P,4000,NYY@BAL 06/03/2018 01:05PM ET,NYY,0
SP,Jonathon Niese (10759042),Jonathon Niese,10759042,P,4000,NYY@BAL 06/03/2018 01:05PM ET,NYY,0
RP,David Robertson (10759043),David Robertson,10759043,P,4000,NYY@BAL 06/03/2018 01:05PM ET,NYY,3.46
RP,Dellin Betances (10759044),Dellin Betances,10759044,P,4000,NYY@BAL 06/03/2018 01:05PM ET,NYY,4.59
RP,Adam Warren (10759045),Adam Warren,10759045,P,4000,NYY@BAL 06/03/2018 01:05PM ET,NYY,3.29
OF,Harrison Bader (10758348),Harrison Bader,10758348,OF,4000,PIT@STL 06/03/2018 02:15PM ET,STL,5.30
2B/3B,Matt Carpenter (10758349),Matt Carpenter,10758349,2B/3B,4000,PIT@STL 06/03/2018 02:15PM ET,STL,6.67
SP,Taylor Hearn (10759046),Taylor Hearn,10759046,P,4000,PIT@STL 06/03/2018 02:15PM ET,PIT,0
RP,Kyle Crick (10759047),Kyle Crick,10759047,P,4000,PIT@STL 06/03/2018 02:15PM ET,PIT,3.06
RP,Nick Burdi (10759048),Nick Burdi,10759048,P,4000,PIT@STL 06/03/2018 02:15PM ET,PIT,0
SP,Clay Holmes (10759049),Clay Holmes,10759049,P,4000,PIT@STL 06/03/2018 02:15PM ET,PIT,4.1
RP,Richard Rodriguez (10759050),Richard Rodriguez,10759050,P,4000,PIT@STL 06/03/2018 02:15PM ET,PIT,4.57
RP,A.J. Schugel (10759051),A.J. Schugel,10759051,P,4000,PIT@STL 06/03/2018 02:15PM ET,PIT,0
RP,Felipe Vazquez (10759052),Felipe Vazquez,10759052,P,4000,PIT@STL 06/03/2018 02:15PM ET,PIT,2.47
RP,Enny Romero (10759053),Enny Romero,10759053,P,4000,PIT@STL 06/03/2018 02:15PM ET,PIT,1.82
RP,Michael Feliz (10759054),Michael Feliz,10759054,P,4000,PIT@STL 06/03/2018 02:15PM ET,PIT,2.28
RP,Bo Schultz (10759055),Bo Schultz,10759055,P,4000,PIT@STL 06/03/2018 02:15PM ET,PIT,0
SP,Nik Turley (10759056),Nik Turley,10759056,P,4000,PIT@STL 06/03/2018 02:15PM ET,PIT,0
RP,Edgar Santana (10759057),Edgar Santana,10759057,P,4000,PIT@STL 06/03/2018 02:15PM ET,PIT,2.65
SP,Shane Baz (10759058),Shane Baz,10759058,P,4000,PIT@STL 06/03/2018 02:15PM ET,PIT,0
RP,Matt Bowman (10759059),Matt Bowman,10759059,P,4000,PIT@STL 06/03/2018 02:15PM ET,STL,2.22
RP,Mike Mayers (10759060),Mike Mayers,10759060,P,4000,PIT@STL 06/03/2018 02:15PM ET,STL,3.72
RP,Dominic Leone (10759061),Dominic Leone,10759061,P,4000,PIT@STL 06/03/2018 02:15PM ET,STL,2.53
RP,John Brebbia (10759062),John Brebbia,10759062,P,4000,PIT@STL 06/03/2018 02:15PM ET,STL,3.62
RP,Ryan Sherriff (10759063),Ryan Sherriff,10759063,P,4000,PIT@STL 06/03/2018 02:15PM ET,STL,0.83
RP,Sam Tuivailala (10759064),Sam Tuivailala,10759064,P,4000,PIT@STL 06/03/2018 02:15PM ET,STL,2.95
RP,Luke Gregerson (10759065),Luke Gregerson,10759065,P,4000,PIT@STL 06/03/2018 02:15PM ET,STL,1.01
RP,Bud Norris (10759066),Bud Norris,10759066,P,4000,PIT@STL 06/03/2018 02:15PM ET,STL,4.12
RP,Trevor Rosenthal (10759067),Trevor Rosenthal,10759067,P,4000,PIT@STL 06/03/2018 02:15PM ET,STL,0
RP,Tyler Lyons (10759068),Tyler Lyons,10759068,P,4000,PIT@STL 06/03/2018 02:15PM ET,STL,1.37
RP,Brett Cecil (10759069),Brett Cecil,10759069,P,4000,PIT@STL 06/03/2018 02:15PM ET,STL,0.72
RP,Greg Holland (10759070),Greg Holland,10759070,P,4000,PIT@STL 06/03/2018 02:15PM ET,STL,0.06
RP,Jordan Hicks (10759071),Jordan Hicks,10759071,P,4000,PIT@STL 06/03/2018 02:15PM ET,STL,2.58
SP,Junior Fernandez (10759072),Junior Fernandez,10759072,P,4000,PIT@STL 06/03/2018 02:15PM ET,STL,0
SP,Dakota Hudson (10759073),Dakota Hudson,10759073,P,4000,PIT@STL 06/03/2018 02:15PM ET,STL,0
SP,Conner Greene (10759074),Conner Greene,10759074,P,4000,PIT@STL 06/03/2018 02:15PM ET,STL,0
OF,Carlos Gonzalez (10758351),Carlos Gonzalez,10758351,OF,4000,LAD@COL 06/03/2018 03:10PM ET,COL,6.12
RP,Tony Cingrani (10759075),Tony Cingrani,10759075,P,4000,LAD@COL 06/03/2018 03:10PM ET,LAD,2.96
RP,Jesen Therrien (10759076),Jesen Therrien,10759076,P,4000,LAD@COL 06/03/2018 03:10PM ET,LAD,0
RP,Scott Alexander (10759077),Scott Alexander,10759077,P,4000,LAD@COL 06/03/2018 03:10PM ET,LAD,2.02
RP,Erik Goeddel (10759078),Erik Goeddel,10759078,P,4000,LAD@COL 06/03/2018 03:10PM ET,LAD,5.06
RP,Yimi Garcia (10759079),Yimi Garcia,10759079,P,4000,LAD@COL 06/03/2018 03:10PM ET,LAD,2.61
RP,Kenley Jansen (10759080),Kenley Jansen,10759080,P,4000,LAD@COL 06/03/2018 03:10PM ET,LAD,3.27
RP,Josh Fields (10759081),Josh Fields,10759081,P,4000,LAD@COL 06/03/2018 03:10PM ET,LAD,3.13
RP,Pedro Baez (10759082),Pedro Baez,10759082,P,4000,LAD@COL 06/03/2018 03:10PM ET,LAD,3.42
RP,Daniel Hudson (10759083),Daniel Hudson,10759083,P,4000,LAD@COL 06/03/2018 03:10PM ET,LAD,2.36
RP,Dennis Santana (10759084),Dennis Santana,10759084,P,4000,LAD@COL 06/03/2018 03:10PM ET,LAD,5.45
SP,Jordan Sheffield (10759085),Jordan Sheffield,10759085,P,4000,LAD@COL 06/03/2018 03:10PM ET,LAD,0
SP,Dustin May (10759086),Dustin May,10759086,P,4000,LAD@COL 06/03/2018 03:10PM ET,LAD,0
RP,Harrison Musgrave (10759087),Harrison Musgrave,10759087,P,4000,LAD@COL 06/03/2018 03:10PM ET,COL,3.52
SP,Peter Lambert (10759088),Peter Lambert,10759088,P,4000,LAD@COL 06/03/2018 03:10PM ET,COL,0
SP,Mike Nikorak (10759089),Mike Nikorak,10759089,P,4000,LAD@COL 06/03/2018 03:10PM ET,COL,0
SP,Riley Pint (10759090),Riley Pint,10759090,P,4000,LAD@COL 06/03/2018 03:10PM ET,COL,0
RP,Scott Oberg (10759091),Scott Oberg,10759091,P,4000,LAD@COL 06/03/2018 03:10PM ET,COL,2.25
SP,Antonio Senzatela (10759092),Antonio Senzatela,10759092,P,4000,LAD@COL 06/03/2018 03:10PM ET,COL,3.3
SP,Yency Almonte (10759093),Yency Almonte,10759093,P,4000,LAD@COL 06/03/2018 03:10PM ET,COL,0
RP,Carlos Estevez (10759094),Carlos Estevez,10759094,P,4000,LAD@COL 06/03/2018 03:10PM ET,COL,0
RP,Rayan Gonzalez (10759095),Rayan Gonzalez,10759095,P,4000,LAD@COL 06/03/2018 03:10PM ET,COL,0
RP,Bryan Shaw (10759096),Bryan Shaw,10759096,P,4000,LAD@COL 06/03/2018 03:10PM ET,COL,1.90
RP,Zac Rosscup (10759097),Zac Rosscup,10759097,P,4000,LAD@COL 06/03/2018 03:10PM ET,COL,0
RP,Brooks Pounders (10759098),Brooks Pounders,10759098,P,4000,LAD@COL 06/03/2018 03:10PM ET,COL,1.92
RP,Chris Rusin (10759099),Chris Rusin,10759099,P,4000,LAD@COL 06/03/2018 03:10PM ET,COL,2.04
RP,Adam Ottavino (10759100),Adam Ottavino,10759100,P,4000,LAD@COL 06/03/2018 03:10PM ET,COL,5.47
RP,Wade Davis (10759101),Wade Davis,10759101,P,4000,LAD@COL 06/03/2018 03:10PM ET,COL,3.14
RP,Mike Dunn (10759102),Mike Dunn,10759102,P,4000,LAD@COL 06/03/2018 03:10PM ET,COL,0.54
RP,Jake McGee (10759103),Jake McGee,10759103,P,4000,LAD@COL 06/03/2018 03:10PM ET,COL,1.88
SS,Marcus Semien (10758344),Marcus Semien,10758344,SS,4000,OAK@KC 06/03/2018 02:15PM ET,OAK,7.60
OF,Jorge Soler (10758352),Jorge Soler,10758352,OF,4000,OAK@KC 06/03/2018 02:15PM ET,KC,8.29
1B,Lucas Duda (10758353),Lucas Duda,10758353,1B,4000,OAK@KC 06/03/2018 02:15PM ET,KC,6.22
SP,Trevor Oaks (10759104),Trevor Oaks,10759104,P,4000,OAK@KC 06/03/2018 02:15PM ET,KC,-1.2
SP,Wily Peralta (10759105),Wily Peralta,10759105,P,4000,OAK@KC 06/03/2018 02:15PM ET,KC,0
RP,Blaine Boyer (10759106),Blaine Boyer,10759106,P,4000,OAK@KC 06/03/2018 02:15PM ET,KC,-0.36
RP,Justin Grimm (10759107),Justin Grimm,10759107,P,4000,OAK@KC 06/03/2018 02:15PM ET,KC,-1.88
RP,Brian Flynn (10759108),Brian Flynn,10759108,P,4000,OAK@KC 06/03/2018 02:15PM ET,KC,2.01
RP,Kelvin Herrera (10759109),Kelvin Herrera,10759109,P,4000,OAK@KC 06/03/2018 02:15PM ET,KC,3.31
RP,Miguel Almonte (10759110),Miguel Almonte,10759110,P,4000,OAK@KC 06/03/2018 02:15PM ET,KC,0
SP,Kyle Zimmer (10759111),Kyle Zimmer,10759111,P,4000,OAK@KC 06/03/2018 02:15PM ET,KC,0
SP,Burch Smith (10759112),Burch Smith,10759112,P,4000,OAK@KC 06/03/2018 02:15PM ET,KC,3.40
SP,Jesse Hahn (10759113),Jesse Hahn,10759113,P,4000,OAK@KC 06/03/2018 02:15PM ET,KC,0
RP,Jason Adam (10759114),Jason Adam,10759114,P,4000,OAK@KC 06/03/2018 02:15PM ET,KC,3.16
RP,Tim Hill (10759115),Tim Hill,10759115,P,4000,OAK@KC 06/03/2018 02:15PM ET,KC,2.41
SP,Scott Blewett (10759116),Scott Blewett,10759116,P,4000,OAK@KC 06/03/2018 02:15PM ET,KC,0
SP,Foster Griffin (10759117),Foster Griffin,10759117,P,4000,OAK@KC 06/03/2018 02:15PM ET,KC,0
SP,Nolan Watson (10759118),Nolan Watson,10759118,P,4000,OAK@KC 06/03/2018 02:15PM ET,KC,0
RP,Kevin McCarthy (10759119),Kevin McCarthy,10759119,P,4000,OAK@KC 06/03/2018 02:15PM ET,KC,3.52
SP,Richard Lovelady (10759120),Richard Lovelady,10759120,P,4000,OAK@KC 06/03/2018 02:15PM ET,KC,0
SP,Brett Anderson (10759121),Brett Anderson,10759121,P,4000,OAK@KC 06/03/2018 02:15PM ET,OAK,1.48
RP,Ryan Buchter (10759122),Ryan Buchter,10759122,P,4000,OAK@KC 06/03/2018 02:15PM ET,OAK,2.89
RP,Chris Hatcher (10759123),Chris Hatcher,10759123,P,4000,OAK@KC 06/03/2018 02:15PM ET,OAK,2.72
RP,Santiago Casilla (10759124),Santiago Casilla,10759124,P,4000,OAK@KC 06/03/2018 02:15PM ET,OAK,2.78
RP,Chris Smith (10759125),Chris Smith,10759125,P,4000,OAK@KC 06/03/2018 02:15PM ET,OAK,0
RP,Yusmeiro Petit (10759126),Yusmeiro Petit,10759126,P,4000,OAK@KC 06/03/2018 02:15PM ET,OAK,3.30
RP,Danny Coulombe (10759127),Danny Coulombe,10759127,P,4000,OAK@KC 06/03/2018 02:15PM ET,OAK,2.79
RP,Liam Hendriks (10759128),Liam Hendriks,10759128,P,4000,OAK@KC 06/03/2018 02:15PM ET,OAK,-0.54
SP,Paul Blackburn (10759129),Paul Blackburn,10759129,P,4000,OAK@KC 06/03/2018 02:15PM ET,OAK,0
RP,Ryan Dull (10759130),Ryan Dull,10759130,P,4000,OAK@KC 06/03/2018 02:15PM ET,OAK,1.89
RP,Blake Treinen (10759131),Blake Treinen,10759131,P,4000,OAK@KC 06/03/2018 02:15PM ET,OAK,5.12
SP,Raul Alcantara (10759132),Raul Alcantara,10759132,P,4000,OAK@KC 06/03/2018 02:15PM ET,OAK,0
RP,Josh Lucas (10759133),Josh Lucas,10759133,P,4000,OAK@KC 06/03/2018 02:15PM ET,OAK,6.65
SP,Dakota Chalmers (10759134),Dakota Chalmers,10759134,P,4000,OAK@KC 06/03/2018 02:15PM ET,OAK,0
SP,Norge Ruiz (10759135),Norge Ruiz,10759135,P,4000,OAK@KC 06/03/2018 02:15PM ET,OAK,0
RP,Lou Trivino (10759136),Lou Trivino,10759136,P,4000,OAK@KC 06/03/2018 02:15PM ET,OAK,4.44
RP,Emilio Pagan (10759137),Emilio Pagan,10759137,P,4000,OAK@KC 06/03/2018 02:15PM ET,OAK,2.87
SP,Jesus Luzardo (10759138),Jesus Luzardo,10759138,P,4000,OAK@KC 06/03/2018 02:15PM ET,OAK,0
OF,Teoscar Hernandez (10758354),Teoscar Hernandez,10758354,OF,4000,TOR@DET 06/03/2018 01:10PM ET,TOR,8.83
1B,Justin Smoak (10758355),Justin Smoak,10758355,1B,4000,TOR@DET 06/03/2018 01:10PM ET,TOR,8.04
RP,Zac Reininger (10758949),Zac Reininger,10758949,P,4000,TOR@DET 06/03/2018 01:10PM ET,DET,-2.1
RP,Tim Mayza (10758950),Tim Mayza,10758950,P,4000,TOR@DET 06/03/2018 01:10PM ET,TOR,2.83
RP,Joe Jimenez (10759139),Joe Jimenez,10759139,P,4000,TOR@DET 06/03/2018 01:10PM ET,DET,2.98
SP,Tyler Alexander (10759140),Tyler Alexander,10759140,P,4000,TOR@DET 06/03/2018 01:10PM ET,DET,0
RP,Alex Faedo (10759141),Alex Faedo,10759141,P,4000,TOR@DET 06/03/2018 01:10PM ET,DET,0
SP,Artie Lewicki (10759142),Artie Lewicki,10759142,P,4000,TOR@DET 06/03/2018 01:10PM ET,DET,5.32
SP,Spencer Turnbull (10759143),Spencer Turnbull,10759143,P,4000,TOR@DET 06/03/2018 01:10PM ET,DET,0
SP,Kyle Funkhouser (10759144),Kyle Funkhouser,10759144,P,4000,TOR@DET 06/03/2018 01:10PM ET,DET,0
SP,Beau Burrows (10759145),Beau Burrows,10759145,P,4000,TOR@DET 06/03/2018 01:10PM ET,DET,0
SP,Matt Manning (10759146),Matt Manning,10759146,P,4000,TOR@DET 06/03/2018 01:10PM ET,DET,0
RP,Drew VerHagen (10759147),Drew VerHagen,10759147,P,4000,TOR@DET 06/03/2018 01:10PM ET,DET,2.52
RP,Johnny Barbato (10759148),Johnny Barbato,10759148,P,4000,TOR@DET 06/03/2018 01:10PM ET,DET,0.74
RP,Daniel Stumpf (10759149),Daniel Stumpf,10759149,P,4000,TOR@DET 06/03/2018 01:10PM ET,DET,1.04
SP,Victor Alcantara (10759150),Victor Alcantara,10759150,P,4000,TOR@DET 06/03/2018 01:10PM ET,DET,0
RP,Warwick Saupold (10759151),Warwick Saupold,10759151,P,4000,TOR@DET 06/03/2018 01:10PM ET,DET,2.38
RP,Shane Greene (10759152),Shane Greene,10759152,P,4000,TOR@DET 06/03/2018 01:10PM ET,DET,3.07
RP,Alex Wilson (10759153),Alex Wilson,10759153,P,4000,TOR@DET 06/03/2018 01:10PM ET,DET,2.61
RP,Louis Coleman (10759154),Louis Coleman,10759154,P,4000,TOR@DET 06/03/2018 01:10PM ET,DET,5.52
RP,Travis Wood (10759155),Travis Wood,10759155,P,4000,TOR@DET 06/03/2018 01:10PM ET,DET,0
RP,Seunghwan Oh (10759156),Seunghwan Oh,10759156,P,4000,TOR@DET 06/03/2018 01:10PM ET,TOR,3.08
RP,John Axford (10759157),John Axford,10759157,P,4000,TOR@DET 06/03/2018 01:10PM ET,TOR,2.85
RP,Tyler Clippard (10759158),Tyler Clippard,10759158,P,4000,TOR@DET 06/03/2018 01:10PM ET,TOR,3.31
RP,Craig Breslow (10759159),Craig Breslow,10759159,P,4000,TOR@DET 06/03/2018 01:10PM ET,TOR,0
RP,Ryan Tepera (10759160),Ryan Tepera,10759160,P,4000,TOR@DET 06/03/2018 01:10PM ET,TOR,3.20
RP,Aaron Loup (10759161),Aaron Loup,10759161,P,4000,TOR@DET 06/03/2018 01:10PM ET,TOR,2.48
SP,Nick Tepesch (10759162),Nick Tepesch,10759162,P,4000,TOR@DET 06/03/2018 01:10PM ET,TOR,0
SP,Jon Harris (10759163),Jon Harris,10759163,P,4000,TOR@DET 06/03/2018 01:10PM ET,TOR,0
SP,Taylor Guerrieri (10759164),Taylor Guerrieri,10759164,P,4000,TOR@DET 06/03/2018 01:10PM ET,TOR,0
RP,Roberto Osuna (10759165),Roberto Osuna,10759165,P,4000,TOR@DET 06/03/2018 01:10PM ET,TOR,2.61
SP,Joe Biagini (10759166),Joe Biagini,10759166,P,4000,TOR@DET 06/03/2018 01:10PM ET,TOR,2.7
RP,Deck McGuire (10759167),Deck McGuire,10759167,P,4000,TOR@DET 06/03/2018 01:10PM ET,TOR,3.09
RP,Danny Barnes (10759168),Danny Barnes,10759168,P,4000,TOR@DET 06/03/2018 01:10PM ET,TOR,2.06
SP,Chris Rowley (10759169),Chris Rowley,10759169,P,4000,TOR@DET 06/03/2018 01:10PM ET,TOR,0
SP,T.J. Zeuch (10759170),T.J. Zeuch,10759170,P,4000,TOR@DET 06/03/2018 01:10PM ET,TOR,0
SP,Nate Pearson (10759171),Nate Pearson,10759171,P,4000,TOR@DET 06/03/2018 01:10PM ET,TOR,0
OF,Yoenis Cespedes (10758358),Yoenis Cespedes,10758358,OF,4000,CHC@NYM 06/03/2018 01:10PM ET,NYM,8.27
C,Willson Contreras (10758373),Willson Contreras,10758373,C,4000,CHC@NYM 06/03/2018 01:10PM ET,CHC,7.57
SP,Thomas Hatch (10759172),Thomas Hatch,10759172,P,4000,CHC@NYM 06/03/2018 01:10PM ET,CHC,0
SP,Jake Stinnett (10759173),Jake Stinnett,10759173,P,4000,CHC@NYM 06/03/2018 01:10PM ET,CHC,0
SP,Oscar De La Cruz (10759174),Oscar De La Cruz,10759174,P,4000,CHC@NYM 06/03/2018 01:10PM ET,CHC,0
SP,Adbert Alzolay (10759175),Adbert Alzolay,10759175,P,4000,CHC@NYM 06/03/2018 01:10PM ET,CHC,0
SP,Brendon Little (10759176),Brendon Little,10759176,P,4000,CHC@NYM 06/03/2018 01:10PM ET,CHC,0
SP,Alex Lange (10759177),Alex Lange,10759177,P,4000,CHC@NYM 06/03/2018 01:10PM ET,CHC,0
SP,Jose Albertos (10759178),Jose Albertos,10759178,P,4000,CHC@NYM 06/03/2018 01:10PM ET,CHC,0
SP,Eddie Butler (10759179),Eddie Butler,10759179,P,4000,CHC@NYM 06/03/2018 01:10PM ET,CHC,4.8
SP,Duane Underwood Jr. (10759180),Duane Underwood Jr.,10759180,P,4000,CHC@NYM 06/03/2018 01:10PM ET,CHC,0
RP,Luke Farrell (10759181),Luke Farrell,10759181,P,4000,CHC@NYM 06/03/2018 01:10PM ET,CHC,6.16
RP,Carl Edwards Jr. (10759182),Carl Edwards Jr.,10759182,P,4000,CHC@NYM 06/03/2018 01:10PM ET,CHC,4.41
RP,Randy Rosario (10759183),Randy Rosario,10759183,P,4000,CHC@NYM 06/03/2018 01:10PM ET,CHC,8.19
RP,Cory Mazzoni (10759184),Cory Mazzoni,10759184,P,4000,CHC@NYM 06/03/2018 01:10PM ET,CHC,2.02
RP,Steve Cishek (10759185),Steve Cishek,10759185,P,4000,CHC@NYM 06/03/2018 01:10PM ET,CHC,3.30
RP,Mike Montgomery (10759186),Mike Montgomery,10759186,P,4000,CHC@NYM 06/03/2018 01:10PM ET,CHC,3.90
RP,Justin Wilson (10759187),Justin Wilson,10759187,P,4000,CHC@NYM 06/03/2018 01:10PM ET,CHC,3.45
RP,Brandon Morrow (10759188),Brandon Morrow,10759188,P,4000,CHC@NYM 06/03/2018 01:10PM ET,CHC,3.12
RP,Brian Duensing (10759189),Brian Duensing,10759189,P,4000,CHC@NYM 06/03/2018 01:10PM ET,CHC,1.72
RP,Fernando Rodriguez Jr. (10759190),Fernando Rodriguez Jr.,10759190,P,4000,CHC@NYM 06/03/2018 01:10PM ET,CHC,0
RP,Pedro Strop (10759191),Pedro Strop,10759191,P,4000,CHC@NYM 06/03/2018 01:10PM ET,CHC,3.30
RP,Seth Lugo (10759192),Seth Lugo,10759192,P,4000,CHC@NYM 06/03/2018 01:10PM ET,NYM,5.7
RP,Paul Sewald (10759193),Paul Sewald,10759193,P,4000,CHC@NYM 06/03/2018 01:10PM ET,NYM,4.28
RP,Tim Peterson (10759194),Tim Peterson,10759194,P,4000,CHC@NYM 06/03/2018 01:10PM ET,NYM,3.85
RP,Hansel Robles (10759195),Hansel Robles,10759195,P,4000,CHC@NYM 06/03/2018 01:10PM ET,NYM,4.05
RP,Anthony Swarzak (10759196),Anthony Swarzak,10759196,P,4000,CHC@NYM 06/03/2018 01:10PM ET,NYM,4.02
RP,Jerry Blevins (10759197),Jerry Blevins,10759197,P,4000,CHC@NYM 06/03/2018 01:10PM ET,NYM,0.83
RP,Jeurys Familia (10759198),Jeurys Familia,10759198,P,4000,CHC@NYM 06/03/2018 01:10PM ET,NYM,3.78
RP,Buddy Baumann (10759199),Buddy Baumann,10759199,P,4000,CHC@NYM 06/03/2018 01:10PM ET,NYM,-3.52
RP,AJ Ramos (10759200),AJ Ramos,10759200,P,4000,CHC@NYM 06/03/2018 01:10PM ET,NYM,1.75
SP,Thomas Szapucki (10759201),Thomas Szapucki,10759201,P,4000,CHC@NYM 06/03/2018 01:10PM ET,NYM,0
SP,David Peterson (10759202),David Peterson,10759202,P,4000,CHC@NYM 06/03/2018 01:10PM ET,NYM,0
SP,P.J. Conlon (10759203),P.J. Conlon,10759203,P,4000,CHC@NYM 06/03/2018 01:10PM ET,NYM,-2.82
RP,Gerson Bautista (10759204),Gerson Bautista,10759204,P,4000,CHC@NYM 06/03/2018 01:10PM ET,NYM,-0.81
SP,Anthony Kay (10759205),Anthony Kay,10759205,P,4000,CHC@NYM 06/03/2018 01:10PM ET,NYM,0
SP,Justin Dunn (10759206),Justin Dunn,10759206,P,4000,CHC@NYM 06/03/2018 01:10PM ET,NYM,0
1B/3B,Miguel Sano (10758360),Miguel Sano,10758360,1B/3B,4000,CLE@MIN 06/03/2018 02:10PM ET,MIN,8.5
SP,Aaron Civale (10759207),Aaron Civale,10759207,P,4000,CLE@MIN 06/03/2018 02:10PM ET,CLE,0
SP,Triston McKenzie (10759208),Triston McKenzie,10759208,P,4000,CLE@MIN 06/03/2018 02:10PM ET,CLE,0
SP,Brady Aiken (10759209),Brady Aiken,10759209,P,4000,CLE@MIN 06/03/2018 02:10PM ET,CLE,0
RP,Nick Goody (10759210),Nick Goody,10759210,P,4000,CLE@MIN 06/03/2018 02:10PM ET,CLE,1.64
RP,Ryan Merritt (10759211),Ryan Merritt,10759211,P,4000,CLE@MIN 06/03/2018 02:10PM ET,CLE,0
RP,Evan Marshall (10759212),Evan Marshall,10759212,P,4000,CLE@MIN 06/03/2018 02:10PM ET,CLE,1.4
RP,Tyler Olson (10759213),Tyler Olson,10759213,P,4000,CLE@MIN 06/03/2018 02:10PM ET,CLE,2.17
RP,Lisalverto Bonilla (10759214),Lisalverto Bonilla,10759214,P,4000,CLE@MIN 06/03/2018 02:10PM ET,CLE,0
RP,Perci Garner (10759215),Perci Garner,10759215,P,4000,CLE@MIN 06/03/2018 02:10PM ET,CLE,0
RP,Cody Allen (10759216),Cody Allen,10759216,P,4000,CLE@MIN 06/03/2018 02:10PM ET,CLE,3.3
SP,Cody Anderson (10759217),Cody Anderson,10759217,P,4000,CLE@MIN 06/03/2018 02:10PM ET,CLE,0
RP,Andrew Miller (10759218),Andrew Miller,10759218,P,4000,CLE@MIN 06/03/2018 02:10PM ET,CLE,3.13
RP,Zach McAllister (10759219),Zach McAllister,10759219,P,4000,CLE@MIN 06/03/2018 02:10PM ET,CLE,1.54
RP,Dan Otero (10759220),Dan Otero,10759220,P,4000,CLE@MIN 06/03/2018 02:10PM ET,CLE,1.63
RP,Jeff Beliveau (10759221),Jeff Beliveau,10759221,P,4000,CLE@MIN 06/03/2018 02:10PM ET,CLE,-0.59
RP,Adam Wilk (10759222),Adam Wilk,10759222,P,4000,CLE@MIN 06/03/2018 02:10PM ET,CLE,0
RP,Neil Ramirez (10759223),Neil Ramirez,10759223,P,4000,CLE@MIN 06/03/2018 02:10PM ET,CLE,1.69
RP,Trevor May (10759224),Trevor May,10759224,P,4000,CLE@MIN 06/03/2018 02:10PM ET,MIN,0
RP,Ryan Pressly (10759225),Ryan Pressly,10759225,P,4000,CLE@MIN 06/03/2018 02:10PM ET,MIN,3.69
RP,Zack Jones (10759226),Zack Jones,10759226,P,4000,CLE@MIN 06/03/2018 02:10PM ET,MIN,0
RP,Matt Magill (10759227),Matt Magill,10759227,P,4000,CLE@MIN 06/03/2018 02:10PM ET,MIN,4.58
RP,Fernando Rodney (10759228),Fernando Rodney,10759228,P,4000,CLE@MIN 06/03/2018 02:10PM ET,MIN,2.79
RP,Zach Duke (10759229),Zach Duke,10759229,P,4000,CLE@MIN 06/03/2018 02:10PM ET,MIN,2.36
SP,Felix Jorge (10759230),Felix Jorge,10759230,P,4000,CLE@MIN 06/03/2018 02:10PM ET,MIN,0
SP,Tyler Duffey (10759231),Tyler Duffey,10759231,P,4000,CLE@MIN 06/03/2018 02:10PM ET,MIN,0.87
RP,Myles Jaye (10759232),Myles Jaye,10759232,P,4000,CLE@MIN 06/03/2018 02:10PM ET,MIN,0
RP,Addison Reed (10759233),Addison Reed,10759233,P,4000,CLE@MIN 06/03/2018 02:10PM ET,MIN,3.20
RP,Taylor Rogers (10759234),Taylor Rogers,10759234,P,4000,CLE@MIN 06/03/2018 02:10PM ET,MIN,1.86
RP,Trevor Hildenberger (10759235),Trevor Hildenberger,10759235,P,4000,CLE@MIN 06/03/2018 02:10PM ET,MIN,3.02
1B/OF,Matt Adams (10758346),Matt Adams,10758346,1B/OF,3900,WAS@ATL 06/03/2018 01:35PM ET,WAS,7.04
1B,Matt Olson (10758367),Matt Olson,10758367,1B,3900,OAK@KC 06/03/2018 02:15PM ET,OAK,7.30
OF,Leonys Martin (10758368),Leonys Martin,10758368,OF,3900,TOR@DET 06/03/2018 01:10PM ET,DET,7.67
3B/OF,Niko Goodrum (10758369),Niko Goodrum,10758369,3B/OF,3900,TOR@DET 06/03/2018 01:10PM ET,DET,6.29
2B,Brian Dozier (10758374),Brian Dozier,10758374,2B,3900,CLE@MIN 06/03/2018 02:10PM ET,MIN,7.85
OF,Juan Soto (10758375),Juan Soto,10758375,OF,3800,WAS@ATL 06/03/2018 01:35PM ET,WAS,8.15
1B/3B,Matt Davidson (10758362),Matt Davidson,10758362,1B/3B,3800,MIL@CWS 06/03/2018 02:10PM ET,CWS,8.17
OF,Daniel Palka (10758376),Daniel Palka,10758376,OF,3800,MIL@CWS 06/03/2018 02:10PM ET,CWS,7.63
C,Francisco Cervelli (10758364),Francisco Cervelli,10758364,C,3800,PIT@STL 06/03/2018 02:15PM ET,PIT,8.67
OF,Corey Dickerson (10758378),Corey Dickerson,10758378,OF,3800,PIT@STL 06/03/2018 02:15PM ET,PIT,8
OF,Gregory Polanco (10758379),Gregory Polanco,10758379,OF,3800,PIT@STL 06/03/2018 02:15PM ET,PIT,7.9
2B,Josh Harrison (10758380),Josh Harrison,10758380,2B,3800,PIT@STL 06/03/2018 02:15PM ET,PIT,7.4
1B/OF,Ian Desmond (10758365),Ian Desmond,10758365,1B/OF,3800,LAD@COL 06/03/2018 03:10PM ET,COL,6.57
OF,Dustin Fowler (10758381),Dustin Fowler,10758381,OF,3800,OAK@KC 06/03/2018 02:15PM ET,OAK,6.32
OF,Michael Conforto (10758382),Michael Conforto,10758382,OF,3800,CHC@NYM 06/03/2018 01:10PM ET,NYM,6.77
2B/3B,Erik Gonzalez (10758383),Erik Gonzalez,10758383,2B/3B,3800,CLE@MIN 06/03/2018 02:10PM ET,CLE,4
3B/SS,Eduardo Escobar (10758385),Eduardo Escobar,10758385,3B/SS,3800,CLE@MIN 06/03/2018 02:10PM ET,MIN,8.31
2B,Yoan Moncada (10758377),Yoan Moncada,10758377,2B,3700,MIL@CWS 06/03/2018 02:10PM ET,CWS,7.94
1B/2B,Neil Walker (10758387),Neil Walker,10758387,1B/2B,3700,NYY@BAL 06/03/2018 01:05PM ET,NYY,5.76
1B,Jose Martinez (10758391),Jose Martinez,10758391,1B,3700,PIT@STL 06/03/2018 02:15PM ET,STL,7.43
SS,Paul DeJong (10758406),Paul DeJong,10758406,SS,3700,PIT@STL 06/03/2018 02:15PM ET,STL,7.63
OF,Mike Tauchman (10758392),Mike Tauchman,10758392,OF,3700,LAD@COL 06/03/2018 03:10PM ET,COL,1.2
C,Chris Iannetta (10758412),Chris Iannetta,10758412,C,3700,LAD@COL 06/03/2018 03:10PM ET,COL,6.19
OF,Chad Pinder (10758393),Chad Pinder,10758393,OF,3700,OAK@KC 06/03/2018 02:15PM ET,OAK,5.60
2B/3B,Yangervis Solarte (10758371),Yangervis Solarte,10758371,2B/3B,3700,TOR@DET 06/03/2018 01:10PM ET,TOR,8.02
3B,Todd Frazier (10758394),Todd Frazier,10758394,3B,3700,CHC@NYM 06/03/2018 01:10PM ET,NYM,8.28
1B,Ryan Zimmerman (10758396),Ryan Zimmerman,10758396,1B,3600,WAS@ATL 06/03/2018 01:35PM ET,WAS,6.06
OF,Brett Phillips (10758399),Brett Phillips,10758399,OF,3600,MIL@CWS 06/03/2018 02:10PM ET,MIL,0.67
OF,Adam Jones (10758401),Adam Jones,10758401,OF,3600,NYY@BAL 06/03/2018 01:05PM ET,BAL,7.43
OF,Jacoby Ellsbury (10758402),Jacoby Ellsbury,10758402,OF,3600,NYY@BAL 06/03/2018 01:05PM ET,NYY,0
2B,Tyler Wade (10758403),Tyler Wade,10758403,2B,3600,NYY@BAL 06/03/2018 01:05PM ET,NYY,2.23
3B/SS,Yairo Munoz (10758389),Yairo Munoz,10758389,3B/SS,3600,PIT@STL 06/03/2018 02:15PM ET,STL,4.83
1B,Josh Bell (10758404),Josh Bell,10758404,1B,3600,PIT@STL 06/03/2018 02:15PM ET,PIT,6.78
OF,Tyler O'Neill (10758405),Tyler O'Neill,10758405,OF,3600,PIT@STL 06/03/2018 02:15PM ET,STL,5
2B,Tim Locastro (10758407),Tim Locastro,10758407,2B,3600,LAD@COL 06/03/2018 03:10PM ET,LAD,2.62
OF,Alex Verdugo (10758408),Alex Verdugo,10758408,OF,3600,LAD@COL 06/03/2018 03:10PM ET,LAD,5.22
2B/C,Austin Barnes (10758409),Austin Barnes,10758409,C/2B,3600,LAD@COL 06/03/2018 03:10PM ET,LAD,3.36
OF,Gerardo Parra (10758411),Gerardo Parra,10758411,OF,3600,LAD@COL 06/03/2018 03:10PM ET,COL,5.60
OF,Curtis Granderson (10758413),Curtis Granderson,10758413,OF,3600,TOR@DET 06/03/2018 01:10PM ET,TOR,5.75
OF,Kevin Pillar (10758414),Kevin Pillar,10758414,OF,3600,TOR@DET 06/03/2018 01:10PM ET,TOR,7.22
OF,Albert Almora Jr. (10758415),Albert Almora Jr.,10758415,OF,3600,CHC@NYM 06/03/2018 01:10PM ET,CHC,6.4
OF,Greg Allen (10758416),Greg Allen,10758416,OF,3600,CLE@MIN 06/03/2018 02:10PM ET,CLE,5.70
2B,Jason Kipnis (10758417),Jason Kipnis,10758417,2B,3600,CLE@MIN 06/03/2018 02:10PM ET,CLE,5.77
OF,Max Kepler (10758418),Max Kepler,10758418,OF,3600,CLE@MIN 06/03/2018 02:10PM ET,MIN,7.07
C,Tyler Flowers (10758395),Tyler Flowers,10758395,C,3500,WAS@ATL 06/03/2018 01:35PM ET,ATL,7.26
OF,Michael A. Taylor (10758419),Michael A. Taylor,10758419,OF,3500,WAS@ATL 06/03/2018 01:35PM ET,WAS,6.53
2B/SS,Jose Rondon (10758397),Jose Rondon,10758397,2B/SS,3500,MIL@CWS 06/03/2018 02:10PM ET,CWS,7.23
2B,Jonathan Villar (10758400),Jonathan Villar,10758400,2B,3500,MIL@CWS 06/03/2018 02:10PM ET,MIL,5.85
1B,Tyler Austin (10758420),Tyler Austin,10758420,1B,3500,NYY@BAL 06/03/2018 01:05PM ET,NYY,7.59
3B,Jedd Gyorko (10758421),Jedd Gyorko,10758421,3B,3500,PIT@STL 06/03/2018 02:15PM ET,STL,5.2
OF,Mark Canha (10758422),Mark Canha,10758422,OF,3500,OAK@KC 06/03/2018 02:15PM ET,OAK,6.31
OF,Anthony Alford (10758423),Anthony Alford,10758423,OF,3500,TOR@DET 06/03/2018 01:10PM ET,TOR,3
SS,Troy Tulowitzki (10758424),Troy Tulowitzki,10758424,SS,3500,TOR@DET 06/03/2018 01:10PM ET,TOR,0
1B/OF,Steve Pearce (10758425),Steve Pearce,10758425,1B/OF,3500,TOR@DET 06/03/2018 01:10PM ET,TOR,6.86
1B,Peter Alonso (10758427),Peter Alonso,10758427,1B,3500,CHC@NYM 06/03/2018 01:10PM ET,NYM,0
C,Devin Mesoraco (10758454),Devin Mesoraco,10758454,C,3500,CHC@NYM 06/03/2018 01:10PM ET,NYM,5.19
OF,Preston Tucker (10758429),Preston Tucker,10758429,OF,3400,WAS@ATL 06/03/2018 01:35PM ET,ATL,4
C,Kurt Suzuki (10758430),Kurt Suzuki,10758430,C,3400,WAS@ATL 06/03/2018 01:35PM ET,ATL,6.77
OF,Brian Goodwin (10758433),Brian Goodwin,10758433,OF,3400,WAS@ATL 06/03/2018 01:35PM ET,WAS,5.2
3B/SS,Tyler Saladino (10758434),Tyler Saladino,10758434,3B/SS,3400,MIL@CWS 06/03/2018 02:10PM ET,MIL,4.77
OF,Domingo Santana (10758436),Domingo Santana,10758436,OF,3400,MIL@CWS 06/03/2018 02:10PM ET,MIL,5.28
1B,Mark Trumbo (10758437),Mark Trumbo,10758437,1B,3400,NYY@BAL 06/03/2018 01:05PM ET,BAL,6.24
1B/3B,Pedro Alvarez (10758438),Pedro Alvarez,10758438,1B/3B,3400,NYY@BAL 06/03/2018 01:05PM ET,BAL,5.67
2B,Jonathan Schoop (10758440),Jonathan Schoop,10758440,2B,3400,NYY@BAL 06/03/2018 01:05PM ET,BAL,6.60
1B/OF,Trey Mancini (10758441),Trey Mancini,10758441,1B/OF,3400,NYY@BAL 06/03/2018 01:05PM ET,BAL,6.32
3B/SS,Jung Ho Kang (10758443),Jung Ho Kang,10758443,3B/SS,3400,PIT@STL 06/03/2018 02:15PM ET,PIT,0
C,Elias Diaz (10758445),Elias Diaz,10758445,C,3400,PIT@STL 06/03/2018 02:15PM ET,PIT,5.07
OF,Marcell Ozuna (10758446),Marcell Ozuna,10758446,OF,3400,PIT@STL 06/03/2018 02:15PM ET,STL,6.54
OF,Andrew Toles (10758447),Andrew Toles,10758447,OF,3400,LAD@COL 06/03/2018 03:10PM ET,LAD,0
C,Tom Murphy (10758448),Tom Murphy,10758448,C,3400,LAD@COL 06/03/2018 03:10PM ET,COL,0
1B/3B,Ryan McMahon (10758449),Ryan McMahon,10758449,1B/3B,3400,LAD@COL 06/03/2018 03:10PM ET,COL,2.51
OF,Jon Jay (10758451),Jon Jay,10758451,OF,3400,OAK@KC 06/03/2018 02:15PM ET,KC,6.71
OF,Dalton Pompey (10758452),Dalton Pompey,10758452,OF,3400,TOR@DET 06/03/2018 01:10PM ET,TOR,1.6
C,Luke Maile (10758453),Luke Maile,10758453,C,3400,TOR@DET 06/03/2018 01:10PM ET,TOR,7.03
OF,Jay Bruce (10758455),Jay Bruce,10758455,OF,3400,CHC@NYM 06/03/2018 01:10PM ET,NYM,5.30
OF,Bradley Zimmer (10758456),Bradley Zimmer,10758456,OF,3400,CLE@MIN 06/03/2018 02:10PM ET,CLE,5.39
OF,Melky Cabrera (10758457),Melky Cabrera,10758457,OF,3400,CLE@MIN 06/03/2018 02:10PM ET,CLE,4.46
3B/SS,Taylor Motter (10758458),Taylor Motter,10758458,3B/SS,3400,CLE@MIN 06/03/2018 02:10PM ET,MIN,3.62
1B,Joe Mauer (10758460),Joe Mauer,10758460,1B,3400,CLE@MIN 06/03/2018 02:10PM ET,MIN,6.63
SS,Dansby Swanson (10758428),Dansby Swanson,10758428,SS,3300,WAS@ATL 06/03/2018 01:35PM ET,ATL,6.91
3B/SS,Johan Camargo (10758431),Johan Camargo,10758431,3B/SS,3300,WAS@ATL 06/03/2018 01:35PM ET,ATL,6.30
3B,Yolmer Sanchez (10758461),Yolmer Sanchez,10758461,3B,3300,MIL@CWS 06/03/2018 02:10PM ET,CWS,6.98
1B/OF,Ji-Man Choi (10758462),Ji-Man Choi,10758462,1B/OF,3300,MIL@CWS 06/03/2018 02:10PM ET,MIL,5
OF,Cedric Mullins (10758464),Cedric Mullins,10758464,OF,3300,NYY@BAL 06/03/2018 01:05PM ET,BAL,0
OF,Austin Hays (10758465),Austin Hays,10758465,OF,3300,NYY@BAL 06/03/2018 01:05PM ET,BAL,0
2B/3B,Brandon Drury (10758467),Brandon Drury,10758467,2B/3B,3300,NYY@BAL 06/03/2018 01:05PM ET,NYY,5.5
OF,Dexter Fowler (10758469),Dexter Fowler,10758469,OF,3300,PIT@STL 06/03/2018 02:15PM ET,STL,6.26
C,Yadier Molina (10758470),Yadier Molina,10758470,C,3300,PIT@STL 06/03/2018 02:15PM ET,STL,7.17
2B/OF,Kike Hernandez (10758471),Kike Hernandez,10758471,2B/OF,3300,LAD@COL 06/03/2018 03:10PM ET,LAD,4.72
OF,Raimel Tapia (10758473),Raimel Tapia,10758473,OF,3300,LAD@COL 06/03/2018 03:10PM ET,COL,0
C,Tony Wolters (10758474),Tony Wolters,10758474,C,3300,LAD@COL 06/03/2018 03:10PM ET,COL,4.23
OF,Matt Joyce (10758475),Matt Joyce,10758475,OF,3300,OAK@KC 06/03/2018 02:15PM ET,OAK,5.31
1B/C,John Hicks (10758476),John Hicks,10758476,C/1B,3300,TOR@DET 06/03/2018 01:10PM ET,DET,7.11
3B,Vladimir Guerrero Jr. (10758478),Vladimir Guerrero Jr.,10758478,3B,3300,TOR@DET 06/03/2018 01:10PM ET,TOR,0
1B,Kendrys Morales (10758479),Kendrys Morales,10758479,1B,3300,TOR@DET 06/03/2018 01:10PM ET,TOR,5.07
OF,Jason Heyward (10758480),Jason Heyward,10758480,OF,3300,CHC@NYM 06/03/2018 01:10PM ET,CHC,6.36
3B/OF,Jose Bautista (10758481),Jose Bautista,10758481,3B/OF,3300,CHC@NYM 06/03/2018 01:10PM ET,NYM,5
1B,Adrian Gonzalez (10758483),Adrian Gonzalez,10758483,1B,3300,CHC@NYM 06/03/2018 01:10PM ET,NYM,5.81
C,Yan Gomes (10758484),Yan Gomes,10758484,C,3300,CLE@MIN 06/03/2018 02:10PM ET,CLE,6.13
2B/3B,Wilmer Difo (10758487),Wilmer Difo,10758487,2B/3B,3200,WAS@ATL 06/03/2018 01:35PM ET,WAS,5.39
OF,Leury Garcia (10758489),Leury Garcia,10758489,OF,3200,MIL@CWS 06/03/2018 02:10PM ET,CWS,6.03
1B/3B,Matt Skole (10758490),Matt Skole,10758490,1B/3B,3200,MIL@CWS 06/03/2018 02:10PM ET,CWS,6.5
OF,Keon Broxton (10758492),Keon Broxton,10758492,OF,3200,MIL@CWS 06/03/2018 02:10PM ET,MIL,0
C,Stephen Vogt (10758493),Stephen Vogt,10758493,C,3200,MIL@CWS 06/03/2018 02:10PM ET,MIL,0
C,Austin Romine (10758466),Austin Romine,10758466,C,3200,NYY@BAL 06/03/2018 01:05PM ET,NYY,8.2
OF,Jaycob Brugman (10758494),Jaycob Brugman,10758494,OF,3200,NYY@BAL 06/03/2018 01:05PM ET,BAL,0
C,Chance Sisco (10758495),Chance Sisco,10758495,C,3200,NYY@BAL 06/03/2018 01:05PM ET,BAL,4.74
3B,Colin Moran (10758496),Colin Moran,10758496,3B,3200,PIT@STL 06/03/2018 02:15PM ET,PIT,6.14
1B/OF,O'Koyea Dickson (10758497),O'Koyea Dickson,10758497,1B/OF,3200,LAD@COL 06/03/2018 03:10PM ET,LAD,0
OF,Yusniel Diaz (10758499),Yusniel Diaz,10758499,OF,3200,LAD@COL 06/03/2018 03:10PM ET,LAD,0
OF,Noel Cuevas (10758500),Noel Cuevas,10758500,OF,3200,LAD@COL 06/03/2018 03:10PM ET,COL,3.06
2B,Daniel Castro (10758501),Daniel Castro,10758501,2B,3200,LAD@COL 06/03/2018 03:10PM ET,COL,2.83
2B/SS,Adalberto Mondesi (10758502),Adalberto Mondesi,10758502,2B/SS,3200,OAK@KC 06/03/2018 02:15PM ET,KC,0
OF,Alex Gordon (10758504),Alex Gordon,10758504,OF,3200,OAK@KC 06/03/2018 02:15PM ET,KC,6.07
OF,JaCoby Jones (10758505),JaCoby Jones,10758505,OF,3200,TOR@DET 06/03/2018 01:10PM ET,DET,6.08
SS,Bo Bichette (10758506),Bo Bichette,10758506,SS,3200,TOR@DET 06/03/2018 01:10PM ET,TOR,0
SS,Aledmys Diaz (10758507),Aledmys Diaz,10758507,SS,3200,TOR@DET 06/03/2018 01:10PM ET,TOR,5.94
OF,Mark Zagunis (10758508),Mark Zagunis,10758508,OF,3200,CHC@NYM 06/03/2018 01:10PM ET,CHC,2.4
3B,David Wright (10758509),David Wright,10758509,3B,3200,CHC@NYM 06/03/2018 01:10PM ET,NYM,0
SS,Amed Rosario (10758510),Amed Rosario,10758510,SS,3200,CHC@NYM 06/03/2018 01:10PM ET,NYM,5.61
2B/OF,Howie Kendrick (10758485),Howie Kendrick,10758485,2B/OF,3100,WAS@ATL 06/03/2018 01:35PM ET,WAS,6.77
3B,Austin Riley (10758511),Austin Riley,10758511,3B,3100,WAS@ATL 06/03/2018 01:35PM ET,ATL,0
3B,Rio Ruiz (10758512),Rio Ruiz,10758512,3B,3100,WAS@ATL 06/03/2018 01:35PM ET,ATL,0
OF,Ryan Cordell (10758514),Ryan Cordell,10758514,OF,3100,MIL@CWS 06/03/2018 02:10PM ET,CWS,0
SS,Mauricio Dubon (10758515),Mauricio Dubon,10758515,SS,3100,MIL@CWS 06/03/2018 02:10PM ET,MIL,0
SS,Isan Diaz (10758516),Isan Diaz,10758516,SS,3100,MIL@CWS 06/03/2018 02:10PM ET,MIL,0
C,Jacob Nottingham (10758517),Jacob Nottingham,10758517,C,3100,MIL@CWS 06/03/2018 02:10PM ET,MIL,2
SS,Ryan Mountcastle (10758518),Ryan Mountcastle,10758518,SS,3100,NYY@BAL 06/03/2018 01:05PM ET,BAL,0
3B,Danny Valencia (10758519),Danny Valencia,10758519,3B,3100,NYY@BAL 06/03/2018 01:05PM ET,BAL,6.37
OF,Billy McKinney (10758520),Billy McKinney,10758520,OF,3100,NYY@BAL 06/03/2018 01:05PM ET,NYY,1.5
SS,Cole Tucker (10758521),Cole Tucker,10758521,SS,3100,PIT@STL 06/03/2018 02:15PM ET,PIT,0
OF,Jordan Luplow (10758524),Jordan Luplow,10758524,OF,3100,PIT@STL 06/03/2018 02:15PM ET,PIT,0
2B,Chase Utley (10758526),Chase Utley,10758526,2B,3100,LAD@COL 06/03/2018 03:10PM ET,LAD,4.18
OF,Jorge Bonifacio (10758527),Jorge Bonifacio,10758527,OF,3100,OAK@KC 06/03/2018 02:15PM ET,KC,0
OF,Abraham Almonte (10758528),Abraham Almonte,10758528,OF,3100,OAK@KC 06/03/2018 02:15PM ET,KC,4.84
OF,Boog Powell (10758529),Boog Powell,10758529,OF,3100,OAK@KC 06/03/2018 02:15PM ET,OAK,4.57
C,Josh Phegley (10758530),Josh Phegley,10758530,C,3100,OAK@KC 06/03/2018 02:15PM ET,OAK,3.5
SS,Jose Iglesias (10758531),Jose Iglesias,10758531,SS,3100,TOR@DET 06/03/2018 01:10PM ET,DET,6.54
C,James McCann (10758532),James McCann,10758532,C,3100,TOR@DET 06/03/2018 01:10PM ET,DET,6.16
OF,Dwight Smith Jr. (10758533),Dwight Smith Jr.,10758533,OF,3100,TOR@DET 06/03/2018 01:10PM ET,TOR,4.53
2B,Devon Travis (10758534),Devon Travis,10758534,2B,3100,TOR@DET 06/03/2018 01:10PM ET,TOR,4.67
C,Russell Martin (10758535),Russell Martin,10758535,C,3100,TOR@DET 06/03/2018 01:10PM ET,TOR,5.62
SS,Addison Russell (10758536),Addison Russell,10758536,SS,3100,CHC@NYM 06/03/2018 01:10PM ET,CHC,6.18
1B,Dominic Smith (10758537),Dominic Smith,10758537,1B,3100,CHC@NYM 06/03/2018 01:10PM ET,NYM,0
1B,Bobby Bradley (10758538),Bobby Bradley,10758538,1B,3100,CLE@MIN 06/03/2018 02:10PM ET,CLE,0
C,Francisco Mejia (10758539),Francisco Mejia,10758539,C,3100,CLE@MIN 06/03/2018 02:10PM ET,CLE,0
3B,Yandy Diaz (10758540),Yandy Diaz,10758540,3B,3100,CLE@MIN 06/03/2018 02:10PM ET,CLE,0
OF,Tyler Naquin (10758541),Tyler Naquin,10758541,OF,3100,CLE@MIN 06/03/2018 02:10PM ET,CLE,4.77
OF,Lonnie Chisenhall (10758542),Lonnie Chisenhall,10758542,OF,3100,CLE@MIN 06/03/2018 02:10PM ET,CLE,4.71
1B,Kennys Vargas (10758543),Kennys Vargas,10758543,1B,3100,CLE@MIN 06/03/2018 02:10PM ET,MIN,0
1B,Logan Morrison (10758544),Logan Morrison,10758544,1B,3100,CLE@MIN 06/03/2018 02:10PM ET,MIN,5.96
SS,Erick Aybar (10758545),Erick Aybar,10758545,SS,3100,CLE@MIN 06/03/2018 02:10PM ET,MIN,0
C,Raudy Read (10758513),Raudy Read,10758513,C,3000,WAS@ATL 06/03/2018 01:35PM ET,WAS,0
OF,Jaff Decker (10758546),Jaff Decker,10758546,OF,3000,WAS@ATL 06/03/2018 01:35PM ET,ATL,0
3B,Ryan Flaherty (10758547),Ryan Flaherty,10758547,3B,3000,WAS@ATL 06/03/2018 01:35PM ET,ATL,5.17
OF,Victor Robles (10758548),Victor Robles,10758548,OF,3000,WAS@ATL 06/03/2018 01:35PM ET,WAS,0
OF,Rafael Bautista (10758549),Rafael Bautista,10758549,OF,3000,WAS@ATL 06/03/2018 01:35PM ET,WAS,0.22
C,Welington Castillo (10758550),Welington Castillo,10758550,C,3000,MIL@CWS 06/03/2018 02:10PM ET,CWS,6.46
OF,Nicky Delmonico (10758551),Nicky Delmonico,10758551,OF,3000,MIL@CWS 06/03/2018 02:10PM ET,CWS,4.73
2B/OF,Hernan Perez (10758552),Hernan Perez,10758552,2B/OF,3000,MIL@CWS 06/03/2018 02:10PM ET,MIL,4.02
2B/OF,Adam Frazier (10758522),Adam Frazier,10758522,2B/OF,3000,PIT@STL 06/03/2018 02:15PM ET,PIT,4.27
2B,Christopher Bostick (10758525),Christopher Bostick,10758525,2B,3000,PIT@STL 06/03/2018 02:15PM ET,PIT,0
3B,Ke'Bryan Hayes (10758554),Ke'Bryan Hayes,10758554,3B,3000,PIT@STL 06/03/2018 02:15PM ET,PIT,0
1B/OF,Jose Osuna (10758555),Jose Osuna,10758555,1B/OF,3000,PIT@STL 06/03/2018 02:15PM ET,PIT,4.07
1B/3B,David Freese (10758557),David Freese,10758557,1B/3B,3000,PIT@STL 06/03/2018 02:15PM ET,PIT,4.08
1B,Luke Voit (10758559),Luke Voit,10758559,1B,3000,PIT@STL 06/03/2018 02:15PM ET,STL,7
1B,Hunter Dozier (10758560),Hunter Dozier,10758560,1B,3000,OAK@KC 06/03/2018 02:15PM ET,KC,5.41
SS,Jorge Mateo (10758561),Jorge Mateo,10758561,SS,3000,OAK@KC 06/03/2018 02:15PM ET,OAK,0
SS,Franklin Barreto (10758562),Franklin Barreto,10758562,SS,3000,OAK@KC 06/03/2018 02:15PM ET,OAK,0.4
OF,Stephen Piscotty (10758563),Stephen Piscotty,10758563,OF,3000,OAK@KC 06/03/2018 02:15PM ET,OAK,5.71
C,Derek Norris (10758564),Derek Norris,10758564,C,3000,TOR@DET 06/03/2018 01:10PM ET,DET,0
OF,Jim Adduci (10758565),Jim Adduci,10758565,OF,3000,TOR@DET 06/03/2018 01:10PM ET,DET,0
1B,Victor Martinez (10758566),Victor Martinez,10758566,1B,3000,TOR@DET 06/03/2018 01:10PM ET,DET,5.49
3B/SS,Jose Reyes (10758567),Jose Reyes,10758567,3B/SS,3000,CHC@NYM 06/03/2018 01:10PM ET,NYM,1.98
C,Travis d'Arnaud (10758569),Travis d'Arnaud,10758569,C,3000,CHC@NYM 06/03/2018 01:10PM ET,NYM,6.5
1B/3B,Wilmer Flores (10758570),Wilmer Flores,10758570,1B/3B,3000,CHC@NYM 06/03/2018 01:10PM ET,NYM,4.24
OF,Zack Granite (10758572),Zack Granite,10758572,OF,3000,CLE@MIN 06/03/2018 02:10PM ET,MIN,0
3B/SS,Jorge Polanco (10758573),Jorge Polanco,10758573,3B/SS,3000,CLE@MIN 06/03/2018 02:10PM ET,MIN,0
OF,Robbie Grossman (10758575),Robbie Grossman,10758575,OF,3000,CLE@MIN 06/03/2018 02:10PM ET,MIN,4.4
C,Matt Wieters (10758576),Matt Wieters,10758576,C,2900,WAS@ATL 06/03/2018 01:35PM ET,WAS,5.04
OF,Andrew Stevenson (10758577),Andrew Stevenson,10758577,OF,2900,WAS@ATL 06/03/2018 01:35PM ET,WAS,3.04
C,Zack Collins (10758578),Zack Collins,10758578,C,2900,MIL@CWS 06/03/2018 02:10PM ET,CWS,0
C,Omar Narvaez (10758579),Omar Narvaez,10758579,C,2900,MIL@CWS 06/03/2018 02:10PM ET,CWS,2.84
C,Erik Kratz (10758580),Erik Kratz,10758580,C,2900,MIL@CWS 06/03/2018 02:10PM ET,MIL,14.67
OF,Colby Rasmus (10758581),Colby Rasmus,10758581,OF,2900,NYY@BAL 06/03/2018 01:05PM ET,BAL,1.75
OF,Joey Rickard (10758582),Joey Rickard,10758582,OF,2900,NYY@BAL 06/03/2018 01:05PM ET,BAL,5.41
OF,Estevan Florial (10758584),Estevan Florial,10758584,OF,2900,NYY@BAL 06/03/2018 01:05PM ET,NYY,0
SS,Thairo Estrada (10758585),Thairo Estrada,10758585,SS,2900,NYY@BAL 06/03/2018 01:05PM ET,NYY,0
SS,Max Moroff (10758586),Max Moroff,10758586,SS,2900,PIT@STL 06/03/2018 02:15PM ET,PIT,3.88
C,Francisco Pena (10758587),Francisco Pena,10758587,C,2900,PIT@STL 06/03/2018 02:15PM ET,STL,3.96
2B/SS,Greg Garcia (10758588),Greg Garcia,10758588,2B/SS,2900,PIT@STL 06/03/2018 02:15PM ET,STL,2.91
3B/OF,Rob Segedin (10758590),Rob Segedin,10758590,3B/OF,2900,LAD@COL 06/03/2018 03:10PM ET,LAD,0
2B/SS,Breyvic Valera (10758592),Breyvic Valera,10758592,2B/SS,2900,LAD@COL 06/03/2018 03:10PM ET,LAD,2.7
1B/2B,Pat Valaika (10758594),Pat Valaika,10758594,1B/2B,2900,LAD@COL 06/03/2018 03:10PM ET,COL,1.43
2B/3B,Ramon Torres (10758596),Ramon Torres,10758596,2B/3B,2900,OAK@KC 06/03/2018 02:15PM ET,KC,5.2
3B/OF,Cody Asche (10758598),Cody Asche,10758598,3B/OF,2900,OAK@KC 06/03/2018 02:15PM ET,KC,0
C,Jonathan Lucroy (10758600),Jonathan Lucroy,10758600,C,2900,OAK@KC 06/03/2018 02:15PM ET,OAK,5.4
OF,Victor Reyes (10758601),Victor Reyes,10758601,OF,2900,TOR@DET 06/03/2018 01:10PM ET,DET,2.82
3B/SS,Ronny Rodriguez (10758602),Ronny Rodriguez,10758602,3B/SS,2900,TOR@DET 06/03/2018 01:10PM ET,DET,3.33
2B/3B,David Bote (10758604),David Bote,10758604,2B/3B,2900,CHC@NYM 06/03/2018 01:10PM ET,CHC,4.75
OF,Lane Adams (10758606),Lane Adams,10758606,OF,2900,CHC@NYM 06/03/2018 01:10PM ET,CHC,3
1B/C,Victor Caratini (10758607),Victor Caratini,10758607,C/1B,2900,CHC@NYM 06/03/2018 01:10PM ET,CHC,3.42
SS,Gavin Cecchini (10758609),Gavin Cecchini,10758609,SS,2900,CHC@NYM 06/03/2018 01:10PM ET,NYM,0
OF,Byron Buxton (10758610),Byron Buxton,10758610,OF,2900,CLE@MIN 06/03/2018 02:10PM ET,MIN,3.75
OF,Ryan LaMarre (10758611),Ryan LaMarre,10758611,OF,2900,CLE@MIN 06/03/2018 02:10PM ET,MIN,2.88
OF,Danny Santana (10758612),Danny Santana,10758612,OF,2800,WAS@ATL 06/03/2018 01:35PM ET,ATL,0
C,Rob Brantly (10758613),Rob Brantly,10758613,C,2800,WAS@ATL 06/03/2018 01:35PM ET,ATL,0
C,Chris Stewart (10758614),Chris Stewart,10758614,C,2800,WAS@ATL 06/03/2018 01:35PM ET,ATL,4.6
OF,Charlie Tilson (10758615),Charlie Tilson,10758615,OF,2800,MIL@CWS 06/03/2018 02:10PM ET,CWS,4.38
OF,Jacob May (10758616),Jacob May,10758616,OF,2800,MIL@CWS 06/03/2018 02:10PM ET,CWS,0
OF,Adam Engel (10758617),Adam Engel,10758617,OF,2800,MIL@CWS 06/03/2018 02:10PM ET,CWS,4.76
OF,Willy Garcia (10758618),Willy Garcia,10758618,OF,2800,MIL@CWS 06/03/2018 02:10PM ET,CWS,0
OF,Avisail Garcia (10758619),Avisail Garcia,10758619,OF,2800,MIL@CWS 06/03/2018 02:10PM ET,CWS,4.78
C,Kevan Smith (10758620),Kevan Smith,10758620,C,2800,MIL@CWS 06/03/2018 02:10PM ET,CWS,0
C,Alfredo Gonzalez (10758621),Alfredo Gonzalez,10758621,C,2800,MIL@CWS 06/03/2018 02:10PM ET,CWS,0
3B,Lucas Erceg (10758622),Lucas Erceg,10758622,3B,2800,MIL@CWS 06/03/2018 02:10PM ET,MIL,0
2B/OF,Nick Franklin (10758623),Nick Franklin,10758623,2B/OF,2800,MIL@CWS 06/03/2018 02:10PM ET,MIL,0
C,Manny Pina (10758625),Manny Pina,10758625,C,2800,MIL@CWS 06/03/2018 02:10PM ET,MIL,5.08
C,Jett Bandy (10758626),Jett Bandy,10758626,C,2800,MIL@CWS 06/03/2018 02:10PM ET,MIL,3.04
2B/SS,Eric Sogard (10758627),Eric Sogard,10758627,2B/SS,2800,MIL@CWS 06/03/2018 02:10PM ET,MIL,1.97
1B,Chris Davis (10758583),Chris Davis,10758583,1B,2800,NYY@BAL 06/03/2018 01:05PM ET,BAL,4.06
OF,Anthony Santander (10758629),Anthony Santander,10758629,OF,2800,NYY@BAL 06/03/2018 01:05PM ET,BAL,3.91
3B/OF,Renato Nunez (10758630),Renato Nunez,10758630,3B/OF,2800,NYY@BAL 06/03/2018 01:05PM ET,BAL,3.31
C,Andrew Susac (10758632),Andrew Susac,10758632,C,2800,NYY@BAL 06/03/2018 01:05PM ET,BAL,1.44
SS,Jordy Mercer (10758633),Jordy Mercer,10758633,SS,2800,PIT@STL 06/03/2018 02:15PM ET,PIT,5.77
C,Jacob Stallings (10758634),Jacob Stallings,10758634,C,2800,PIT@STL 06/03/2018 02:15PM ET,PIT,0
2B/OF,Sean Rodriguez (10758635),Sean Rodriguez,10758635,2B/OF,2800,PIT@STL 06/03/2018 02:15PM ET,PIT,3.74
2B,Kolten Wong (10758637),Kolten Wong,10758637,2B,2800,PIT@STL 06/03/2018 02:15PM ET,STL,3.96
2B/3B,Logan Forsythe (10758638),Logan Forsythe,10758638,2B/3B,2800,LAD@COL 06/03/2018 03:10PM ET,LAD,4.22
C,Grayson Greiner (10758640),Grayson Greiner,10758640,C,2800,TOR@DET 06/03/2018 01:10PM ET,DET,5.38
OF,Randal Grichuk (10758641),Randal Grichuk,10758641,OF,2800,TOR@DET 06/03/2018 01:10PM ET,TOR,3.26
SS,Gio Urshela (10758642),Gio Urshela,10758642,SS,2800,TOR@DET 06/03/2018 01:10PM ET,TOR,3.08
2B/SS,Lourdes Gurriel Jr. (10758643),Lourdes Gurriel Jr.,10758643,2B/SS,2800,TOR@DET 06/03/2018 01:10PM ET,TOR,4.55
OF,Jacob Hannemann (10758645),Jacob Hannemann,10758645,OF,2800,CHC@NYM 06/03/2018 01:10PM ET,CHC,0
C,Kevin Plawecki (10758646),Kevin Plawecki,10758646,C,2800,CHC@NYM 06/03/2018 01:10PM ET,NYM,5.46
2B/3B,T.J. Rivera (10758647),T.J. Rivera,10758647,2B/3B,2800,CHC@NYM 06/03/2018 01:10PM ET,NYM,0
OF,Rajai Davis (10758649),Rajai Davis,10758649,OF,2800,CLE@MIN 06/03/2018 02:10PM ET,CLE,3.71
OF,Brandon Guyer (10758650),Brandon Guyer,10758650,OF,2800,CLE@MIN 06/03/2018 02:10PM ET,CLE,3.61
2B/SS,Gregorio Petit (10758651),Gregorio Petit,10758651,2B/SS,2800,CLE@MIN 06/03/2018 02:10PM ET,MIN,4.78
OF,Jake Cave (10758653),Jake Cave,10758653,OF,2800,CLE@MIN 06/03/2018 02:10PM ET,MIN,7.67
SS,Tyler Smith (10758654),Tyler Smith,10758654,SS,2700,WAS@ATL 06/03/2018 01:35PM ET,ATL,0
3B/OF,Charlie Culberson (10758655),Charlie Culberson,10758655,3B/OF,2700,WAS@ATL 06/03/2018 01:35PM ET,ATL,3.54
2B/SS,Matt Reynolds (10758657),Matt Reynolds,10758657,2B/SS,2700,WAS@ATL 06/03/2018 01:35PM ET,WAS,0.9
C,Pedro Severino (10758659),Pedro Severino,10758659,C,2700,WAS@ATL 06/03/2018 01:35PM ET,WAS,4.39
C,Dustin Garneau (10758660),Dustin Garneau,10758660,C,2700,MIL@CWS 06/03/2018 02:10PM ET,CWS,0
OF,Trayce Thompson (10758661),Trayce Thompson,10758661,OF,2700,MIL@CWS 06/03/2018 02:10PM ET,CWS,3.36
SS,Orlando Arcia (10758662),Orlando Arcia,10758662,SS,2700,MIL@CWS 06/03/2018 02:10PM ET,MIL,3.89
OF,Alex Presley (10758663),Alex Presley,10758663,OF,2700,NYY@BAL 06/03/2018 01:05PM ET,BAL,0
3B,Tim Beckham (10758664),Tim Beckham,10758664,3B,2700,NYY@BAL 06/03/2018 01:05PM ET,BAL,4.56
2B/SS,Luis Sardinas (10758665),Luis Sardinas,10758665,2B/SS,2700,NYY@BAL 06/03/2018 01:05PM ET,BAL,2.88
2B/3B,Jace Peterson (10758667),Jace Peterson,10758667,2B/3B,2700,NYY@BAL 06/03/2018 01:05PM ET,BAL,4.62
2B/3B,Ronald Torreyes (10758669),Ronald Torreyes,10758669,2B/3B,2700,NYY@BAL 06/03/2018 01:05PM ET,NYY,4.68
OF,Franklin Gutierrez (10758671),Franklin Gutierrez,10758671,OF,2700,LAD@COL 06/03/2018 03:10PM ET,LAD,0
OF,Tyler Collins (10758674),Tyler Collins,10758674,OF,2700,OAK@KC 06/03/2018 02:15PM ET,KC,0
1B/3B,Cheslor Cuthbert (10758675),Cheslor Cuthbert,10758675,1B/3B,2700,OAK@KC 06/03/2018 02:15PM ET,KC,4.9
OF,Bubba Starling (10758677),Bubba Starling,10758677,OF,2700,OAK@KC 06/03/2018 02:15PM ET,KC,0
SS,Alcides Escobar (10758678),Alcides Escobar,10758678,SS,2700,OAK@KC 06/03/2018 02:15PM ET,KC,5.38
OF,Chad Huffman (10758679),Chad Huffman,10758679,OF,2700,TOR@DET 06/03/2018 01:10PM ET,DET,0
OF,Mikie Mahtook (10758680),Mikie Mahtook,10758680,OF,2700,TOR@DET 06/03/2018 01:10PM ET,DET,4
2B,Dixon Machado (10758681),Dixon Machado,10758681,2B,2700,TOR@DET 06/03/2018 01:10PM ET,DET,4.92
2B/3B,Pete Kozma (10758682),Pete Kozma,10758682,2B/3B,2700,TOR@DET 06/03/2018 01:10PM ET,DET,3.6
SS,Richard Urena (10758684),Richard Urena,10758684,SS,2700,TOR@DET 06/03/2018 01:10PM ET,TOR,2.91
2B/SS,Danny Espinosa (10758685),Danny Espinosa,10758685,2B/SS,2700,TOR@DET 06/03/2018 01:10PM ET,TOR,0
2B,Jemile Weeks (10758687),Jemile Weeks,10758687,2B,2700,CHC@NYM 06/03/2018 01:10PM ET,CHC,0
OF,Matt den Dekker (10758688),Matt den Dekker,10758688,OF,2700,CHC@NYM 06/03/2018 01:10PM ET,NYM,0
3B/SS,Phillip Evans (10758689),Phillip Evans,10758689,3B/SS,2700,CHC@NYM 06/03/2018 01:10PM ET,NYM,0.43
2B/3B,Luis Guillorme (10758691),Luis Guillorme,10758691,2B/3B,2700,CHC@NYM 06/03/2018 01:10PM ET,NYM,2.79
C,Roberto Perez (10758693),Roberto Perez,10758693,C,2700,CLE@MIN 06/03/2018 02:10PM ET,CLE,3.82
1B,Brock Stassi (10758694),Brock Stassi,10758694,1B,2700,CLE@MIN 06/03/2018 02:10PM ET,MIN,0
C,Mitch Garver (10758695),Mitch Garver,10758695,C,2700,CLE@MIN 06/03/2018 02:10PM ET,MIN,4.61
2B,Taylor Featherston (10758696),Taylor Featherston,10758696,2B,2700,CLE@MIN 06/03/2018 02:10PM ET,MIN,0
C,Bobby Wilson (10758697),Bobby Wilson,10758697,C,2700,CLE@MIN 06/03/2018 02:10PM ET,MIN,4.58
2B/SS,Adrian Sanchez (10758698),Adrian Sanchez,10758698,2B/SS,2600,WAS@ATL 06/03/2018 01:35PM ET,WAS,1.36
C,Steven Baron (10758702),Steven Baron,10758702,C,2600,PIT@STL 06/03/2018 02:15PM ET,STL,1.5
1B/OF,Stephen Cardullo (10758672),Stephen Cardullo,10758672,1B/OF,2600,LAD@COL 06/03/2018 03:10PM ET,COL,0
2B,Ryan Goins (10758703),Ryan Goins,10758703,2B,2600,OAK@KC 06/03/2018 02:15PM ET,KC,4
C,Sean Murphy (10758704),Sean Murphy,10758704,C,2600,OAK@KC 06/03/2018 02:15PM ET,OAK,0
OF,Michael Saunders (10758705),Michael Saunders,10758705,OF,2600,TOR@DET 06/03/2018 01:10PM ET,TOR,0
2B/SS,Gift Ngoepe (10758706),Gift Ngoepe,10758706,2B/SS,2600,TOR@DET 06/03/2018 01:10PM ET,TOR,0.69
1B/OF,Efren Navarro (10758708),Efren Navarro,10758708,1B/OF,2600,CHC@NYM 06/03/2018 01:10PM ET,CHC,0.75
C,Chris Gimenez (10758712),Chris Gimenez,10758712,C,2600,CHC@NYM 06/03/2018 01:10PM ET,CHC,3
2B/3B,Tommy La Stella (10758713),Tommy La Stella,10758713,2B/3B,2600,CHC@NYM 06/03/2018 01:10PM ET,CHC,3.04
C,Tomas Nido (10758715),Tomas Nido,10758715,C,2600,CHC@NYM 06/03/2018 01:10PM ET,NYM,2.05
C,Jason Castro (10758716),Jason Castro,10758716,C,2600,CLE@MIN 06/03/2018 02:10PM ET,MIN,3.90
OF,Moises Sierra (10758718),Moises Sierra,10758718,OF,2500,WAS@ATL 06/03/2018 01:35PM ET,WAS,2.31
OF,Luis Robert (10758719),Luis Robert,10758719,OF,2500,MIL@CWS 06/03/2018 02:10PM ET,CWS,0
3B/SS,Ruben Tejada (10758720),Ruben Tejada,10758720,3B/SS,2500,NYY@BAL 06/03/2018 01:05PM ET,BAL,0
C,Caleb Joseph (10758722),Caleb Joseph,10758722,C,2500,NYY@BAL 06/03/2018 01:05PM ET,BAL,3.62
OF,Craig Gentry (10758723),Craig Gentry,10758723,OF,2500,NYY@BAL 06/03/2018 01:05PM ET,BAL,3.33
OF,Dariel Alvarez (10758724),Dariel Alvarez,10758724,OF,2500,NYY@BAL 06/03/2018 01:05PM ET,BAL,0
OF,Shane Robinson (10758725),Shane Robinson,10758725,OF,2500,NYY@BAL 06/03/2018 01:05PM ET,NYY,6
C,Carson Kelly (10758726),Carson Kelly,10758726,C,2500,PIT@STL 06/03/2018 02:15PM ET,STL,1.17
SS,Corey Seager (10758727),Corey Seager,10758727,SS,2500,LAD@COL 06/03/2018 03:10PM ET,LAD,7.23
3B,Kyle Farmer (10758728),Kyle Farmer,10758728,3B,2500,LAD@COL 06/03/2018 03:10PM ET,LAD,2.53
3B,Colton Welker (10758729),Colton Welker,10758729,3B,2500,LAD@COL 06/03/2018 03:10PM ET,COL,0
C,Drew Butera (10758730),Drew Butera,10758730,C,2500,OAK@KC 06/03/2018 02:15PM ET,KC,3.85
OF,Seuly Matias (10758731),Seuly Matias,10758731,OF,2500,OAK@KC 06/03/2018 02:15PM ET,KC,0
C,Bruce Maxwell (10758732),Bruce Maxwell,10758732,C,2500,OAK@KC 06/03/2018 02:15PM ET,OAK,3.94
1B/C,Taylor Davis (10758710),Taylor Davis,10758710,C/1B,2500,CHC@NYM 06/03/2018 01:10PM ET,CHC,0
OF/SS,Mike Freeman (10758733),Mike Freeman,10758733,SS/OF,2500,CHC@NYM 06/03/2018 01:10PM ET,CHC,0
SS,Aramis Ademan (10758735),Aramis Ademan,10758735,SS,2500,CHC@NYM 06/03/2018 01:10PM ET,CHC,0
OF,Juan Lagares (10758736),Juan Lagares,10758736,OF,2500,CHC@NYM 06/03/2018 01:10PM ET,NYM,4
3B,Nolan Jones (10758737),Nolan Jones,10758737,3B,2500,CLE@MIN 06/03/2018 02:10PM ET,CLE,0
SS,Ehire Adrianza (10758738),Ehire Adrianza,10758738,SS,2500,CLE@MIN 06/03/2018 02:10PM ET,MIN,4.36
C,Miguel Montero (10758717),Miguel Montero,10758717,C,2400,WAS@ATL 06/03/2018 01:35PM ET,WAS,1
2B/SS,Christian Colon (10758739),Christian Colon,10758739,2B/SS,2400,WAS@ATL 06/03/2018 01:35PM ET,ATL,0
OF,Alejandro De Aza (10758741),Alejandro De Aza,10758741,OF,2400,WAS@ATL 06/03/2018 01:35PM ET,WAS,0
2B/SS,Engelb Vielma (10758743),Engelb Vielma,10758743,2B/SS,2400,NYY@BAL 06/03/2018 01:05PM ET,BAL,1.17
1B/C,Ryan Lavarnway (10758700),Ryan Lavarnway,10758700,C/1B,2400,PIT@STL 06/03/2018 02:15PM ET,PIT,0
OF,Daniel Nava (10758746),Daniel Nava,10758746,OF,2400,PIT@STL 06/03/2018 02:15PM ET,PIT,0
SS,Alex Mejia (10758747),Alex Mejia,10758747,SS,2400,PIT@STL 06/03/2018 02:15PM ET,STL,0
OF,Paulo Orlando (10758748),Paulo Orlando,10758748,OF,2400,OAK@KC 06/03/2018 02:15PM ET,KC,3.77
OF/SS,Alexi Amarista (10758750),Alexi Amarista,10758750,SS/OF,2400,TOR@DET 06/03/2018 01:10PM ET,DET,0
C,Jose Lobaton (10758752),Jose Lobaton,10758752,C,2400,CHC@NYM 06/03/2018 01:10PM ET,NYM,2.95
2B/OF,Michael Martinez (10758753),Michael Martinez,10758753,2B/OF,2400,CLE@MIN 06/03/2018 02:10PM ET,CLE,0
OF,Ezequiel Carrera (10758755),Ezequiel Carrera,10758755,OF,2300,WAS@ATL 06/03/2018 01:35PM ET,ATL,0
2B/3B,Phil Gosselin (10758756),Phil Gosselin,10758756,2B/3B,2300,WAS@ATL 06/03/2018 01:35PM ET,ATL,1.9
SS,Kevin Maitan (10758761),Kevin Maitan,10758761,SS,2300,WAS@ATL 06/03/2018 01:35PM ET,ATL,0
C,Kyle Higashioka (10758745),Kyle Higashioka,10758745,C,2300,NYY@BAL 06/03/2018 01:05PM ET,NYY,0
C,Cam Gallagher (10758749),Cam Gallagher,10758749,C,2300,OAK@KC 06/03/2018 02:15PM ET,KC,3.62
2B/OF,Steve Lombardozzi (10758758),Steve Lombardozzi,10758758,2B/OF,2300,OAK@KC 06/03/2018 02:15PM ET,OAK,0
OF,Jake Smolinski (10758760),Jake Smolinski,10758760,OF,2300,OAK@KC 06/03/2018 02:15PM ET,OAK,2.25
C,Spencer Kieboom (10758742),Spencer Kieboom,10758742,C,2200,WAS@ATL 06/03/2018 01:35PM ET,WAS,2.2
OF,Peter Bourjos (10758762),Peter Bourjos,10758762,OF,2200,WAS@ATL 06/03/2018 01:35PM ET,ATL,1.29
2B,Max Schrock (10758763),Max Schrock,10758763,2B,2200,OAK@KC 06/03/2018 02:15PM ET,OAK,0
2B/3B,Ty Kelly (10758764),Ty Kelly,10758764,2B/3B,2200,CHC@NYM 06/03/2018 01:10PM ET,NYM,0
OF,Ryan Raburn (10758766),Ryan Raburn,10758766,OF,2100,WAS@ATL 06/03/2018 01:35PM ET,WAS,0
OF,Blake Rutherford (10758767),Blake Rutherford,10758767,OF,2100,MIL@CWS 06/03/2018 02:10PM ET,CWS,0
C,Rocky Gale (10758768),Rocky Gale,10758768,C,2100,LAD@COL 06/03/2018 03:10PM ET,LAD,0
OF,Khalil Lee (10758769),Khalil Lee,10758769,OF,2100,OAK@KC 06/03/2018 02:15PM ET,KC,0
1B,Nick Pratto (10758770),Nick Pratto,10758770,1B,2100,OAK@KC 06/03/2018 02:15PM ET,KC,0
C,Jarrod Saltalamacchia (10758771),Jarrod Saltalamacchia,10758771,C,2100,TOR@DET 06/03/2018 01:10PM ET,DET,0
SS,Logan Warmoth (10758772),Logan Warmoth,10758772,SS,2100,TOR@DET 06/03/2018 01:10PM ET,TOR,0
OF,Chris Heisey (10758773),Chris Heisey,10758773,OF,2100,CLE@MIN 06/03/2018 02:10PM ET,MIN,0
C,Jhonatan Solano (10758774),Jhonatan Solano,10758774,C,2000,WAS@ATL 06/03/2018 01:35PM ET,WAS,0
SS,Carter Kieboom (10758775),Carter Kieboom,10758775,SS,2000,WAS@ATL 06/03/2018 01:35PM ET,WAS,0
2B,Keston Hiura (10758776),Keston Hiura,10758776,2B,2000,MIL@CWS 06/03/2018 02:10PM ET,MIL,0
SS,Delvin Perez (10758777),Delvin Perez,10758777,SS,2000,PIT@STL 06/03/2018 02:15PM ET,STL,0
C,Keibert Ruiz (10758778),Keibert Ruiz,10758778,C,2000,LAD@COL 06/03/2018 03:10PM ET,LAD,0
OF,Lazaro Armenteros (10758779),Lazaro Armenteros,10758779,OF,2000,OAK@KC 06/03/2018 02:15PM ET,OAK,0
OF,Austin Beck (10758780),Austin Beck,10758780,OF,2000,OAK@KC 06/03/2018 02:15PM ET,OAK,0
SS,Andres Gimenez (10758781),Andres Gimenez,10758781,SS,2000,CHC@NYM 06/03/2018 01:10PM ET,NYM,0
1B,Mike Napoli (10758782),Mike Napoli,10758782,1B,2000,CLE@MIN 06/03/2018 02:10PM ET,CLE,0
SS,Wander Javier (10758783),Wander Javier,10758783,SS,2000,CLE@MIN 06/03/2018 02:10PM ET,MIN,0
OF,Alex Kirilloff (10758784),Alex Kirilloff,10758784,OF,2000,CLE@MIN 06/03/2018 02:10PM ET,MIN,0
SS,Royce Lewis (10758785),Royce Lewis,10758785,SS,2000,CLE@MIN 06/03/2018 02:10PM ET,MIN,0
